id,name,description,type,domain,gender,aliases,residence,theoi_url,level1,level2,level3,level4,level5
Q304227,Aba,Najad in Greek mythology,naiad,[],female,[],,https://www.theoi.com/Nymphe/NympheAba.html,Mythological Greek Character,Greek deity,Greek nymph,naiad,
Q279782,Abarbarea,water deity,naiad,[],female,[],,https://www.theoi.com/Nymphe/NympheAbarbaree.html,Mythological Greek Character,Greek deity,Greek nymph,naiad,
Q305567,Abaris the Hyperborean,"semi-legendary Greek physician, magician, and prophet of Apollo",Mythological Greek Character,[],male,"['Abaris', 'the Hyperborean', 'Scythicus', 'Hyperboreus', 'Historicus', 'Abaris Scythicus', 'Abairis']",,,Mythological Greek Character,,,,
Q305607,Abas,"mythical character, son of Lynceus",Mythological Greek Character,[],male,"['Abas', 'son of Lynceus', 'son of lynceus', 'son of Lynceos', 'Abantias']",,,Mythological Greek Character,,,,
Q308055,Abderus,son of Hermes in Greek mythology,Mythological Greek Character,[],male,['Abderos'],,,Mythological Greek Character,,,,
Q333658,Absyrtus,mythical brother of Medea,Mythological Greek Character,[],male,"['Apsyrtus', 'Aegialeus']",,,Mythological Greek Character,,,,
Q947753,Acacallis,daughter of Minos in Greek mythology,Mythological Greek Character,[],female,['Acacallis'],,,Mythological Greek Character,,,,
Q415491,Acacus,mythical son of Lycaon,Mythological Greek Character,[],male,['Akakos'],,,Mythological Greek Character,,,,
Q348668,Acamas,son of Theseus,Mythological Greek Character,[],male,[],,,Mythological Greek Character,,,,
Q2822505,Acanthis,"daughter of Hippodamia and Autonous and sister to Anthus, Erodius, Schoenous and Acanthus",Mythological Greek Character,[],female,['Acanthyllis'],,,Mythological Greek Character,,,,
Q221925,Acarnan,son of Alcmaeon in Greek mythology,Mythological Greek Character,[],male,[],,,Mythological Greek Character,,,,
Q416384,Acastus,"mythical character, son of Pelias",Mythological Greek Character,[],male,[],,,Mythological Greek Character,,,,
Q367565,Acerbas,priest from Roman mythology,Mythological Greek Character,[],male,['Sychaeus'],,,Mythological Greek Character,,,,
Q605797,Aceso,Greek goddess of healing,Greek deity,[],female,[],,https://www.theoi.com/Ouranios/AsklepiasAkeso.html,Mythological Greek Character,Greek deity,,,
Q404275,Acestes,mythical character,Mythological Greek Character,[],male,['Agestas'],,,Mythological Greek Character,,,,
Q930198,Achaemenides,son of Adamastus in Greek mythology,Mythological Greek Character,[],male,[],,,Mythological Greek Character,,,,
Q607170,Achaeus,"Greek mythological figure, son of Xuthus",Mythological Greek Character,[],male,['Achaeus'],,,Mythological Greek Character,,,,
Q555521,Achates,"character of Roman mythology, close friend of Aeneas",Mythological Greek Character,[],male,[],,,Mythological Greek Character,,,,
Q391379,Achelous,river god in Greek mythology,Potamoi,['Achelous River'],male,"['Achilaos', 'Acheloüs', 'Acheloos']",,https://www.theoi.com/Potamos/PotamosAkheloios.html,Mythological Greek Character,Greek deity,Greek water deities,Potamoi,
Q12626619,Acheron,"god of river of underworld, Greek mythology",Potamoi,['Acheron'],male,['Acheron'],,https://www.theoi.com/Khthonios/PotamosAkheron.html,Mythological Greek Character,Greek deity,Greek water deities,Potamoi,
Q41746,Achilles,Greek mythological hero,Mythological Greek Character,[],male,"['Pelides', 'Peleiades', 'Achilleus']",,,Mythological Greek Character,,,,
Q340545,Achlys,primordial deity in Greek mythology,Greek primordial deity,[],female,['Akhlys'],,https://www.theoi.com/Daimon/Akhlys.html,Mythological Greek Character,Greek deity,Greek primordial deity,,
Q419156,Acis,person from Greek mythology,Mythological Greek Character,['Jaci'],male,[],,https://www.theoi.com/Potamos/PotamosAkis.html,Mythological Greek Character,,,,
Q420533,Acontius,character in Greek mythology,Mythological Greek Character,[],male,[],,,Mythological Greek Character,,,,
Q208017,Acrisius,Greek mythical king of Argos,Mythological Greek Character,[],male,['Akrisios'],,,Mythological Greek Character,,,,
Q208531,Actaeon,son of Aristaeus in Greek mythology,Mythological Greek Character,[],male,"['Aktaion', 'Actæon']",,,Mythological Greek Character,,,,
Q2657834,Actis,mythical son of Helius,Mythological Greek Character,[],male,[],,,Mythological Greek Character,,,,
Q2473937,Actor,"Son of Deion, figure of Greek mythology",Mythological Greek Character,[],male,[],,,Mythological Greek Character,,,,
Q2718640,Adamanthea,,Greek nymph,[],female,['Adamantae'],,,Mythological Greek Character,Greek deity,Greek nymph,,
Q356321,Adephagia,Greek goddess and personification of gluttony,allegorical Greek deity,[],female,[],,https://www.theoi.com/Daimon/Adephagia.html,Mythological Greek Character,Greek deity,allegorical Greek deity,,
Q2824393,Adikia,personification of injustice and wrong doing; her parents might be either Nyx or Eris,allegorical Greek deity,[],female,[],,https://www.theoi.com/Daimon/Adikia.html,Mythological Greek Character,Greek deity,allegorical Greek deity,,
Q192109,Admetus,"king of Pherae in Thessaly, in Greek mythology",Mythological Greek Character,[],male,[],,,Mythological Greek Character,,,,
Q163920,Adonis,Greek god of beauty and desire,Greek deity,"['beauty', 'desire']",male,[],,,Mythological Greek Character,Greek deity,,,
Q366533,Adranus,Sicilian fire deity,Greek deity,[],male,['Adranos'],,,Mythological Greek Character,Greek deity,,,
Q4057954,Adrasteia,Greek nymph,Greek nymph,[],female,"['Adrastea', 'Adrasta']",,https://www.theoi.com/Nymphe/NymphaiIdaiai.html,Mythological Greek Character,Greek deity,Greek nymph,,
Q223152,Adrastus,mythological king of Argos,Mythological Greek Character,[],male,[],,,Mythological Greek Character,,,,
Q206187,Aeacus,son of Zeus in Greek mythology,Mythological Greek Character,[],male,"['Eacus', 'Æacus']",,https://www.theoi.com/Khthonios/Rhadamanthys.html,Mythological Greek Character,,,,
Q41311,Aegiale,"in Greek mythology, daughter of Adrastus married to Diomedes",Mythological Greek Character,[],female,"['Euryaleia', 'Aigialea']",,,Mythological Greek Character,,,,
Q404326,Aegimius,mythical character,Mythological Greek Character,[],male,[],,,Mythological Greek Character,,,,
Q321298,Aegina,"nymph, eponym of the island Aegina",Greek nymph,[],female,[],,https://www.theoi.com/Nymphe/NympheAigina.html,Mythological Greek Character,Greek deity,Greek nymph,,
Q3088918,Aegipan,son of Apollo in Greek mythology,Mythological Greek Character,[],male,[],,https://www.theoi.com/Thaumasios/SatyroiLibyes.html,Mythological Greek Character,,,,
Q212091,Aegisthus,son of Thyestes in Greek mythology,Mythological Greek Character,[],male,"['Ægisthus', 'Aegisthos']",,,Mythological Greek Character,,,,
Q404844,Aegyptus,son of Belus in Greek mythology,Mythological Greek Character,[],male,[],,,Mythological Greek Character,,,,
Q82732,Aeneas,Trojan hero in Greco-Roman mythology,Mythological Greek Character,[],male,"['Eneas Ysgwyddwyn', 'Æneas']",,,Mythological Greek Character,,,,
Q172549,Aeolus,"god of winds, son of Hippotes in Greek mythology",Greek deity,[],male,"['Æolus', 'Eolus', 'Aeolus']",,https://www.theoi.com/Titan/Aiolos.html,Mythological Greek Character,Greek deity,,,
Q406434,Aepytus,"Greek mythological figure, son of Elatus",Mythological Greek Character,[],male,['Aepytus I of Arcadia'],,,Mythological Greek Character,,,,
Q3844469,Aergia,"Ancient Greek goddess, the personification of sloth and laziness",allegorical Greek deity,[],female,[],,https://www.theoi.com/Daimon/Aergia.html,Mythological Greek Character,Greek deity,allegorical Greek deity,,
Q508543,Aerope,"daughter of Catreus, the king of Crete",Mythological Greek Character,[],female,[],,,Mythological Greek Character,,,,
Q409520,Aesacus,son of Priam in Greek mythology,Mythological Greek Character,[],male,['Aisakos'],,,Mythological Greek Character,,,,
Q410082,Aeson,father of Jason in Greek mythology,Mythological Greek Character,[],male,[],,,Mythological Greek Character,,,,
Q410417,Aethalides,mythical son of Hermes,Mythological Greek Character,[],male,[],,,Mythological Greek Character,,,,
Q189175,Aether,"primordial Greek deity, personification of the upper air",Greek primordial deity,[],male,[],,https://www.theoi.com/Protogenos/Aither.html,Mythological Greek Character,Greek deity,Greek primordial deity,,
Q1767884,Aethilla,"Greek mythical character, daughter of Laomedon",Mythological Greek Character,[],female,[],,,Mythological Greek Character,,,,
Q381931,Aethlius,son of Zeus in Greek mythology,Mythological Greek Character,[],male,['Ethalion'],,,Mythological Greek Character,,,,
Q11921121,Aethra,mother of Theseus,Mythological Greek Character,[],female,[],,,Mythological Greek Character,,,,
Q634575,Aetna,"Sicilian nymph, connected to Mount Etna",Greek nymph,[],female,['Aitne'],,https://www.theoi.com/Georgikos/OrosAitna.html,Mythological Greek Character,Greek deity,Greek nymph,,
Q410748,Aetolus,"mythical character, son of Endymion",Mythological Greek Character,[],male,[],,,Mythological Greek Character,,,,
Q241971,Aeëtes,son of Helios in Greek mythology,Mythological Greek Character,[],male,"['Æetis', 'Aeetis', 'Æetes', 'Aeetes']",,,Mythological Greek Character,,,,
Q390348,Agamede,daughter of Augeias,Mythological Greek Character,[],female,[],,https://www.theoi.com/Heroine/Agamede.html,Mythological Greek Character,,,,
Q390363,Agamedes,"mythical character, builder of temple at Delphi",Mythological Greek Character,[],male,['Agamedes'],,,Mythological Greek Character,,,,
Q128176,Agamemnon,son of Atreus in Greek mythology,Mythological Greek Character,[],male,[],,,Mythological Greek Character,,,,
Q390448,Aganippe,nymph,Greek nymph,[],female,[],,https://www.theoi.com/Nymphe/NympheAganippe.html,Mythological Greek Character,Greek deity,Greek nymph,,
Q390492,Agapenor,son of Ancaeus in Greek mythology,Mythological Greek Character,[],male,[],,,Mythological Greek Character,,,,
Q2723619,Agasthenes,"son of Augeas, and his successor in the kingdom of Elis",Mythological Greek Character,[],male,[],,,Mythological Greek Character,,,,
Q391553,Agathodaemon,mythological serpent,daemon,[],male,"['Agathos daemon', 'Agathodaimon', 'Bonus Deus']",,,Mythological Greek Character,Greek deity,daemon,,
Q381459,Agave,daughter of Cadmus in Greek mythology,Greek water deities,[],female,['Agaue'],,,Mythological Greek Character,Greek deity,Greek water deities,,
Q392120,Agdistis,"deity of Greek, Roman and Anatolian mythology",Greek deity,[],hermaphroditism,[],,https://www.theoi.com/Phrygios/Agdistis.html,Mythological Greek Character,Greek deity,,,
Q392631,Agenor,"mythical Phoenician king, father of Cadmus",Mythological Greek Character,[],male,[],,,Mythological Greek Character,,,,
Q393054,Agesilaus I,king of the Agiad line at Sparta,Mythological Greek Character,[],male,[],,,Mythological Greek Character,,,,
Q394074,Agis I,King of Sparta,Mythological Greek Character,[],male,[],,,Mythological Greek Character,,,,
Q4439972,Aglaea,one of the Graces (Charites) in Greek mythology,Greek deity,[],female,['Aglaia'],,https://www.theoi.com/Ouranios/KharisAglaia.html,Mythological Greek Character,Greek deity,,,
Q368994,Aglauros,"Greek mythical character, daughter of Actaeus",Mythological Greek Character,[],female,['Agraulis'],,,Mythological Greek Character,,,,
Q584492,"Aglaurus, daughter of Cecrops",daughter of Cecrops I in Greek mythology,Mythological Greek Character,[],female,[],,,Mythological Greek Character,,,,
Q2714550,Agron,king of Lydia,Mythological Greek Character,[],male,['Agron of Lydia'],,,Mythological Greek Character,,,,
Q404076,Aidos,Greek goddess of shame,Greek deity,[],female,[],,https://www.theoi.com/Daimon/Aidos.html,Mythological Greek Character,Greek deity,,,
Q172725,Ajax the Great,son of Telamon in Greek mythology,Mythological Greek Character,[],male,"['Telamonian Ajax', 'Ajax son of Telamon', 'Aias of Salamis', 'Aias', 'Ajax']",,,Mythological Greek Character,,,,
Q415017,Akademos,mythical hero venerated in Athens,Mythological Greek Character,[],male,"['Hecademus', 'Academus']",,,Mythological Greek Character,,,,
Q391089,Alala,Personification of the war cry in Greek mythology,daemon,['battle cry'],female,[],,https://www.theoi.com/Daimon/Alala.html,Mythological Greek Character,Greek deity,daemon,,
Q575250,Alalcomenes,"Ancient Greek mythological figure, eponymous founder of Alalcomenae",Mythological Greek Character,[],male,[],,,Mythological Greek Character,,,,
Q576123,Alastor,Greek punitive deity,daemon,[],male,['Alastor'],,https://www.theoi.com/Daimon/Alastor.html,Mythological Greek Character,Greek deity,daemon,,
Q1417968,Alcathous,"mythical character, son of Pelops",Mythological Greek Character,[],male,[],,,Mythological Greek Character,,,,
Q320449,Alcestis,daughter of Pelias in Greek mythology,Mythological Greek Character,[],female,[],,,Mythological Greek Character,,,,
Q1132196,Alcidice,daughter of Aleus in Greek mythology,Mythological Greek Character,[],female,[],,,Mythological Greek Character,,,,
Q2718542,Alcimede,"Greek mythological character, mother of Jason",Mythological Greek Character,[],female,[],,,Mythological Greek Character,,,,
Q496595,Alcinous,"mythical character, King of the Phaeacians, son of Nausithous and brother of Rhexenor",Mythological Greek Character,[],male,[],,,Mythological Greek Character,,,,
Q1640434,Alcippe,"mythical character, daughter of Ares",Mythological Greek Character,[],female,[],,,Mythological Greek Character,,,,
Q591089,Alcmaeon,mythical son of Amphiaraus,Mythological Greek Character,[],male,[],,,Mythological Greek Character,,,,
Q1258989,Alcmenes,Ruler of Sparta,Mythological Greek Character,[],male,"['Alcamenes of Sparta', 'Alkamenes']",,,Mythological Greek Character,,,,
Q763268,Alcyone,"Greek mythological figure; one of the Pleiades, daughters of Atlas",Greek nymph,[],female,[],,https://www.theoi.com/Nymphe/NympheAlkyone.html,Mythological Greek Character,Greek deity,Greek nymph,,
Q653681,Alcyoneus,giant in Greek mythology,Giants,[],male,"['Ἀλκυονεύς', 'Alkyoneus', 'Alcyoneus']",,https://www.theoi.com/Gigante/GiganteAlkyoneus.html,Mythological Greek Character,Greek deity,Giants,,
Q1643451,Alecto,ancient Greek mythological punisher of moral crimes,Mythological Greek Character,[],female,['Allecto'],,https://www.theoi.com/Khthonios/Erinyes.html,Mythological Greek Character,,,,
Q1469412,Alectryon,Greek mythical character,Mythological Greek Character,[],male,['Alektryon'],,,Mythological Greek Character,,,,
Q1166189,Aletes,"Greek mythical character, son of Aegisthus",Mythological Greek Character,[],male,[],,,Mythological Greek Character,,,,
Q1317994,Aletheia,personification of truth in ancient Greece,daemon,['truth'],female,['Veritas'],,https://www.theoi.com/Daimon/Aletheia.html,Mythological Greek Character,Greek deity,daemon,,
Q190543,Alkmene,mother of Heracles,Mythological Greek Character,[],female,"['Alcmena', 'Alcmene']",,,Mythological Greek Character,,,,
Q1471633,Aloeus,"Greek mythical character, son of Poseidon",Mythological Greek Character,[],male,[],,,Mythological Greek Character,,,,
Q657562,Alope,"mythical character, daughter of Kerkyon",Mythological Greek Character,[],female,[],,,Mythological Greek Character,,,,
Q911084,Alpheus,river and river god in Greek mythology,Potamoi,['Alfeios'],male,[],,https://www.theoi.com/Potamos/PotamosAlpheios.html,Mythological Greek Character,Greek deity,Greek water deities,Potamoi,
Q440440,Althaea,mythical daughter of Thestius,Mythological Greek Character,[],female,[],,,Mythological Greek Character,,,,
Q440422,Althaemenes,son of Catreus in Greek mythology,Mythological Greek Character,[],male,[],,,Mythological Greek Character,,,,
Q107785,Amalthea,Oceanid of Greek mythology,Okeanid,[],female,[],,https://www.theoi.com/Ther/AixAmaltheia.html,Mythological Greek Character,Greek deity,Greek water deities,Oceanids,Okeanid
Q2466253,Amarynceus,son of Pyttius in Greek mythology,Mythological Greek Character,[],male,[],,,Mythological Greek Character,,,,
Q474474,Ampelos,deity,satyr,[],male,[],,https://www.theoi.com/Georgikos/SatyrosAmpelos.html,Mythological Greek Character,satyr,,,
Q330584,Amphiaraus,mythical seer and king,Mythological Greek Character,[],male,[],,https://www.theoi.com/Khthonios/Amphiaraos.html,Mythological Greek Character,,,,
Q474854,Amphictyon,son of Deucalion in Greek mythology,Mythological Greek Character,[],male,['Amphictyon'],,,Mythological Greek Character,,,,
Q474888,Amphilochus,mythical son of Amphiaraus,Mythological Greek Character,[],male,[],,,Mythological Greek Character,,,,
Q2718734,Amphinomus,"mythological Greek character, son of Nisos",Mythological Greek Character,[],male,[],,,Mythological Greek Character,,,,
Q242835,Amphion,mythical musician and ruler at Thebes,Mythological Greek Character,[],male,[],,,Mythological Greek Character,,,,
Q180222,Amphitrite,Oceanid or Nereid of Greek mythology,Okeanid,['sea'],female,['Salacia'],,https://www.theoi.com/Pontios/Amphitrite.html,Mythological Greek Character,Greek deity,Greek water deities,Oceanids,Okeanid
Q206214,Amphitryon,"figure in Greek mythology, husband of Alcmene",Mythological Greek Character,[],male,[],Thebes,,Mythological Greek Character,,,,
Q981302,Amphoterus,son of Alcmaeon in Greek mythology,Mythological Greek Character,[],male,[],,,Mythological Greek Character,,,,
Q482039,Amyclas of Sparta,Greek mythological character; King of Sparta,Mythological Greek Character,[],male,['Amyclas'],,,Mythological Greek Character,,,,
Q697942,Amycus,"in Greek mythology, the king of the Bebryces, a mythical people in Bithynia",Mythological Greek Character,[],male,['Amykos'],,,Mythological Greek Character,,,,
Q482096,Amymone,daughter of Danaus in Greek mythology,Mythological Greek Character,[],female,[],,https://www.theoi.com/Nymphe/NympheAmymone.html,Mythological Greek Character,,,,
Q1172040,Amyntor,son of Ormenos and father of Phoenix,Mythological Greek Character,[],male,[],,,Mythological Greek Character,,,,
Q482134,Amythaon,son of Cretheus in Greek mythology,Mythological Greek Character,[],male,[],,,Mythological Greek Character,,,,
Q332246,Ananke,"personification of inevitability, compulsion and necessity in Greek mythology",Greek primordial deity,"['destiny', 'need']",female,"['Ἀνάγκη', 'Anangke', 'Anance', 'Anagke', 'Necessitas']",,https://www.theoi.com/Protogenos/Ananke.html,Mythological Greek Character,Greek deity,Greek primordial deity,,
Q488558,Anaxagoras,mythical king of Argos,Mythological Greek Character,[],male,[],,,Mythological Greek Character,,,,
Q488621,Anaxarete,mythical character,Mythological Greek Character,[],female,[],,,Mythological Greek Character,,,,
Q488703,Anaxo,daughter of Alcaeus in Greek mythology,Mythological Greek Character,[],female,[],,,Mythological Greek Character,,,,
Q2446902,Ancaeus,"son of Lykourgos, Greek mythological figure",Mythological Greek Character,[],male,['Ankaios'],,,Mythological Greek Character,,,,
Q3615214,Anchiroe,naiad in Greek mythology,naiad,[],female,"['Anchinoë', 'Anchiroe']",,https://www.theoi.com/Nymphe/NympheAnkhinoe.html,Mythological Greek Character,Greek deity,Greek nymph,naiad,
Q211953,Anchises,son of Capys in Greek mythology,Mythological Greek Character,[],male,[],,,Mythological Greek Character,,,,
Q512388,Androgeus,mythical son of Minos,Mythological Greek Character,[],male,[],,,Mythological Greek Character,,,,
Q19376,Andromache,wife of Hector in Greek mythology,Mythological Greek Character,[],female,[],,,Mythological Greek Character,,,,
Q161582,Andromeda,Ethiopian princess in Greek mythology,Mythological Greek Character,[],female,[],,,Mythological Greek Character,,,,
Q3564602,Andropompus,"Greek mythology character, father of King Melanthus",Mythological Greek Character,[],male,[],,,Mythological Greek Character,,,,
Q2849878,Angelos,"deity in Greek mythology, daughter of Zeus and Hera",Greek deity,[],female,['Angelus'],,,Mythological Greek Character,Greek deity,,,
Q374275,Anius,mythical king of Delos,Mythological Greek Character,[],male,[],,,Mythological Greek Character,,,,
Q272006,Antaeus,giant in Greek and Berber mythology,Mythological Greek Character,[],male,['Antæus'],,https://www.theoi.com/Gigante/GiganteAntaios.html,Mythological Greek Character,,,,
Q571969,Antenor,mythical Trojan hero,Mythological Greek Character,[],male,[],,,Mythological Greek Character,,,,
Q572133,Anteros,The God of Selfless Love in Greek mythology,Greek deity,[],male,[],,https://www.theoi.com/Ouranios/ErosAnteros.html,Mythological Greek Character,Greek deity,,,
Q3312821,Antheia,"one of the Charites, or Graces, of Greek mythology",Greek deity,[],female,[],,https://www.theoi.com/Ouranios/Kharites.html,Mythological Greek Character,Greek deity,,,
Q576170,Anticlea,mother of Odysseus,Mythological Greek Character,[],female,['Anticleia'],,,Mythological Greek Character,,,,
Q576282,Anticlus,"mythical Greek fighter at Troy, throttled by Odysseus",Mythological Greek Character,[],male,[],,,Mythological Greek Character,,,,
Q131351,Antigone,mythical daughter of Oedipus and Jocasta,Mythological Greek Character,[],female,[],,,Mythological Greek Character,,,,
Q575456,Antigone of Troy,daughter of Laomedon in Greek mythology,Mythological Greek Character,[],female,[],,,Mythological Greek Character,,,,
Q577552,Antilochus,"mythological prince, son of Nestor",Mythological Greek Character,[],male,[],,,Mythological Greek Character,,,,
Q579000,Antinous son of Eupeithes,mythical suitor of Penelope in the Odyssey,Mythological Greek Character,[],male,[],,,Mythological Greek Character,,,,
Q427171,Antiphates,mythical king of the Laestrygones,Mythological Greek Character,[],male,[],,https://www.theoi.com/Gigante/GigantesLaistrygones.html,Mythological Greek Character,,,,
Q614030,Anytos,deity,titan,[],male,[],,https://www.theoi.com/Georgikos/KoureteAnytos.html,Mythological Greek Character,Greek deity,titan,,
Q176283,Aoide,one of the three original Boeotian muses in Greek mythology,Mythological Greek Character,[],female,[],Mount Helicon,,Mythological Greek Character,,,,
Q617977,Apate,"Minor goddess in Greek mythology, personification of deceit",allegorical Greek deity,['lie'],female,['Deceit'],,https://www.theoi.com/Daimon/Apate.html,Mythological Greek Character,Greek deity,allegorical Greek deity,,
Q618175,Apemosyne,daughter of Catreus in Greek mythology,Mythological Greek Character,[],female,[],,,Mythological Greek Character,,,,
Q578378,Aphareus,"Greek mythological character, son of Perieres",Mythological Greek Character,[],male,[],,,Mythological Greek Character,,,,
Q3606201,Apheidas,"Greek mythological figure, son of Arcas",Mythological Greek Character,[],male,[],,,Mythological Greek Character,,,,
Q35500,Aphrodite,"Greek goddess of love, beauty, pleasure, and procreation",Olympian god,"['beauty', 'love']",female,"['Erycina', 'Cytherea', 'Venus']",Olympus,https://www.theoi.com/Olympios/Aphrodite.html,Mythological Greek Character,Greek deity,Olympian god,,
Q1247904,Aphroditus,Greek deity,Greek deity,[],male,[],,,Mythological Greek Character,Greek deity,,,
Q618662,Apis,king of Argos in Greek mythology,Mythological Greek Character,[],male,[],,,Mythological Greek Character,,,,
Q37340,Apollo,god in Greek and later Roman mythology,Olympian god,[],male,"['Apollōn', 'Aploun', 'Apellōn', 'Apeilōn', 'Phoebus', 'Apollon', 'Mogounos', 'Mogons']",Olympus,https://www.theoi.com/Olympios/Apollon.html,Mythological Greek Character,Greek deity,Olympian god,,
Q190082,Arachne,Mythological weaver who was transformed into a spider,Mythological Greek Character,[],female,[],,https://www.theoi.com/Heroine/Arakhne.html,Mythological Greek Character,,,,
Q606422,Arcas,son of Callisto in Greek mythology,Mythological Greek Character,[],male,[],,,Mythological Greek Character,,,,
Q2860691,Arcesilaus,son of Archilycus in Greek mythology,Mythological Greek Character,[],male,[],,,Mythological Greek Character,,,,
Q673432,Arcesilaus I of Cyrene,early 6th-century BC king of Cyrenaica,Mythological Greek Character,[],male,[],,,Mythological Greek Character,,,,
Q2294502,Arcesius,legendary king of Ithaca,Mythological Greek Character,[],male,[],,,Mythological Greek Character,,,,
Q632592,Archelaus of Sparta,"king of Sparta, son of Agesilaus I",Mythological Greek Character,[],male,['Archelaus'],,,Mythological Greek Character,,,,
Q1330702,Archelochus,"mythical Greek character, son of Antenor",Mythological Greek Character,[],male,[],,,Mythological Greek Character,,,,
Q633041,Archias of Corinth,"Mythological founder of Syracuse, Sicily",Mythological Greek Character,[],male,[],,,Mythological Greek Character,,,,
Q40901,Ares,Greek god of war,Olympian god,['war'],male,"['Roman god Mars', 'Mars (mythology)', 'god Mars', 'Mars']",,https://www.theoi.com/Olympios/Ares.html,Mythological Greek Character,Greek deity,Olympian god,,
Q265823,Arete,"concept in Greek philosophy meaning ""excellence of any kind"" or ""moral virtue"", ultimately bound up, in its earliest appearance in Greek, with the notion of the fulfillment of purpose or function (the act of living up to one's full potential)",Greek deity,[],,[],,https://www.theoi.com/Daimon/Arete.html,Mythological Greek Character,Greek deity,,,
Q643456,Arethusa,nymph in Greek mythology who fled from the river god Alpheus,Greek nymph,[],female,['Arethusa'],,https://www.theoi.com/Nymphe/NympheArethousa.html,Mythological Greek Character,Greek deity,Greek nymph,,
Q644030,Argalus,King of Sparta,Mythological Greek Character,[],male,['Harpalus'],,,Mythological Greek Character,,,,
Q644385,Argea,"mythological Greek character, daughter of Adrastus and wife of Polynices",Mythological Greek Character,[],female,['Argeia'],,,Mythological Greek Character,,,,
Q420269,Arges,cyclops in Greek mythology,cyclops,[],male,"['Pyraemon', 'Acmonides']",,,Mythological Greek Character,cyclops,,,
Q189821,Argus Panoptes,giant with hundred eyes in Greek mythology,Mythological Greek Character,[],male,"['Panoptes', 'Argus']",,https://www.theoi.com/Gigante/GiganteArgosPanoptes.html,Mythological Greek Character,,,,
Q184874,Ariadne,the daughter of Minos in Greek mythology,Mythological Greek Character,[],female,['Ariane'],,https://www.theoi.com/Georgikos/Ariadne.html,Mythological Greek Character,,,,
Q392435,Aristaeus,minor god in Greek mythology,Greek deity,[],male,"['Aristæus', 'Aristaios', 'Veteris']",,https://www.theoi.com/Georgikos/Aristaios.html,Mythological Greek Character,Greek deity,,,
Q666525,Aristodemus,one of the Heracleidae in Greek mythology,Mythological Greek Character,[],male,['Aristodemos'],,,Mythological Greek Character,,,,
Q666652,Aristokrates,"Arcadian king, from Orchomenus",Mythological Greek Character,[],male,"['Aristocrates of Orchomenus', 'Aristocrates II', 'Aristocrates']",,,Mythological Greek Character,,,,
Q311536,Aristomachus,"one of the Heracleidae, a great-grandson of Heracles",Mythological Greek Character,[],male,[],,,Mythological Greek Character,,,,
Q4069374,Arke,Greek goddess,Greek deity,[],female,['Arce'],,https://www.theoi.com/Pontios/Arke.html,Mythological Greek Character,Greek deity,,,
Q4794415,Arnaeus,character from Greek mythology,Mythological Greek Character,[],male,['Irus'],,,Mythological Greek Character,,,,
Q39503,Artemis,goddess of the hunt and the wild in ancient Greek religion and mythology,Olympian god,[],female,['Diana'],,https://www.theoi.com/Olympios/Artemis.html,Mythological Greek Character,Greek deity,Olympian god,,
Q660196,Ascalaphus,son of Ares in Greek mythology,Mythological Greek Character,[],male,[],,https://www.theoi.com/Khthonios/Askalaphos.html,Mythological Greek Character,,,,
Q655566,Ascanius,legendary founder of Alba Longa,Mythological Greek Character,[],male,"['Askanios', 'Julus', 'Iulus']",,,Mythological Greek Character,,,,
Q83223,Asclepius,Greek god of medicine,Greek deity,[],male,"['Ἀσκληπιός', 'Asklēpiós', 'Æsculapius', 'Aesculapius']",,https://www.theoi.com/Ouranios/Asklepios.html,Mythological Greek Character,Greek deity,,,
Q605744,Asia,Oceanid of Greek mythology,Okeanid,[],female,[],,https://www.theoi.com/Nymphe/NympheAsie.html,Mythological Greek Character,Greek deity,Greek water deities,Oceanids,Okeanid
Q622781,Asopus,river god of Greek mythology,Potamoi,['Asopos'],male,[],,https://www.theoi.com/Potamos/PotamosAsopos.html,Mythological Greek Character,Greek deity,Greek water deities,Potamoi,
Q739359,Assaracus,son of Tros in Greek mythology,Mythological Greek Character,[],male,[],,,Mythological Greek Character,,,,
Q18642285,Asteria,daughter of the Titans Coeus and Phoebe and sister of Leto,titan,[],female,[],,https://www.theoi.com/Titan/TitanisAsteria.html,Mythological Greek Character,Greek deity,titan,,
Q748909,Asteropaios,son of Pelegon in Greek mythology,Mythological Greek Character,[],male,['Asteropaeus'],,,Mythological Greek Character,,,,
Q250588,Astraeus,Greek astrological god associated with winds,titan,[],male,['Astraios'],,,Mythological Greek Character,Greek deity,titan,,
Q334787,Astyanax,mythical son of Hector,Mythological Greek Character,[],male,['Scamandrius'],,,Mythological Greek Character,,,,
Q371206,Astypalaea,lover of Poseidon in Greek mythology,Mythological Greek Character,[],female,[],,,Mythological Greek Character,,,,
Q190323,Atalanta,"Greek mythological character, the only female Argonaut",Mythological Greek Character,[],female,['Atalante'],,https://www.theoi.com/Heroine/Atalanta.html,Mythological Greek Character,,,,
Q143880,Athamas,son of Minyas or Aeolus in Greek mythology,Mythological Greek Character,[],male,[],,,Mythological Greek Character,,,,
Q37122,Athena,goddess of wisdom and war in ancient Greek religion and mythology,Olympian god,"['pottery', 'weaving', 'war', 'agriculture', 'wisdom']",female,"['Pallas Athena', 'Athene', 'Menrva', 'Minerva']",Olympus,https://www.theoi.com/Olympios/Athena.html,Mythological Greek Character,Greek deity,Olympian god,,
Q3314441,Athos,mythical giant,Giants,[],male,"['Athus', 'Athos']",,,Mythological Greek Character,Greek deity,Giants,,
Q130818,Atlas,deity in Greek mythology,titan,[],male,[],,https://www.theoi.com/Titan/TitanAtlas.html,Mythological Greek Character,Greek deity,titan,,
Q192469,Atreus,"king of Mycenae, father of Agamemnon",Mythological Greek Character,[],male,[],,,Mythological Greek Character,,,,
Q753294,Atropos,one of the Fates of Greek Mythology,Greek deity,[],female,[],,,Mythological Greek Character,Greek deity,,,
Q262016,Attis,Phrygian and Greek mythological figure,Mythological Greek Character,[],male,['Atys'],,https://www.theoi.com/Phrygios/Attis.html,Mythological Greek Character,,,,
Q210871,Atë,Ancient Greek goddess of mischief,allegorical Greek deity,['recklessness'],female,"['Até', 'Disaster', 'Ate', 'Ruin']",,https://www.theoi.com/Daimon/Ate.html,Mythological Greek Character,Greek deity,allegorical Greek deity,,
Q760213,Auge,daughter of Aleus in Greek mythology,Mythological Greek Character,[],female,[],,,Mythological Greek Character,,,,
Q207663,Augeias of Elis,son of Phorbas in Greek mythology,Mythological Greek Character,[],male,"['Augeas', 'Aegeus']",,https://www.theoi.com/Heros/Augeas.html,Mythological Greek Character,,,,
Q774101,Aura,divine personification of the breeze in Greek and Roman mythology,Greek nymph,[],female,[],,https://www.theoi.com/Titan/Aura.html,Mythological Greek Character,Greek deity,Greek nymph,,
Q782308,Auson,mythical founder of the Ausoni,Mythological Greek Character,[],male,[],,,Mythological Greek Character,,,,
Q784528,Autesion,mythological Greek king,Mythological Greek Character,[],male,[],,,Mythological Greek Character,,,,
Q463107,Autolycus,son of Daedalion in Greek mythology,Mythological Greek Character,[],male,[],,,Mythological Greek Character,,,,
Q772808,Automedon,son of Diores and charioteer of Achilles,Mythological Greek Character,[],male,[],,,Mythological Greek Character,,,,
Q94072,Autonoë,mythical daughter of Cadmus,Mythological Greek Character,[],female,['Autonoe'],,,Mythological Greek Character,,,,
Q789715,Auxo,"one of the Graces, worshipped in Athens; and/or one of the Horae",Greek deity,[],female,"['Avxo', 'Auco']",,https://www.theoi.com/Ouranios/HoraAuxesia.html,Mythological Greek Character,Greek deity,,,
Q793560,Azan,mythical son of Arcas,Mythological Greek Character,[],male,[],,,Mythological Greek Character,,,,
Q368853,Aëdon,daughter of Pandareus in Greek mythology,Mythological Greek Character,[],female,['Aëdon'],,,Mythological Greek Character,,,,
Q126319,Batea,mythical spouse of Dardanus,Mythological Greek Character,[],female,['Bateia'],,,Mythological Greek Character,,,,
Q791446,Battus,mythological Greek character,Mythological Greek Character,[],male,['Battos'],,,Mythological Greek Character,,,,
Q409834,Battus I of Cyrene,first Greek king of Cyrenaica (died 600 BC),Mythological Greek Character,[],male,[],,,Mythological Greek Character,,,,
Q239633,Baubo,mythical character,Mythological Greek Character,[],female,[],,,Mythological Greek Character,,,,
Q189872,Bellerophon,hero of Greek mythology,Mythological Greek Character,[],male,[],,https://www.theoi.com/Heros/Bellerophontes.html,Mythological Greek Character,,,,
Q617753,Belus,son of Poseidon in Greek mythology,Mythological Greek Character,[],male,[],,,Mythological Greek Character,,,,
Q792732,Bendis,Thracian deity also worshipped in Athens,Greek deity,[],female,[],,https://www.theoi.com/Thrakios/Bendis.html,Mythological Greek Character,Greek deity,,,
Q793088,Benthesikyme,daughter of Poseidon and Amphitrite,Greek water deities,[],female,['Benthesicyme'],,https://www.theoi.com/Nymphe/NympheBenthesikyme.html,Mythological Greek Character,Greek deity,Greek water deities,,
Q237224,Bia,"ancient Greek goddess, personification of force",Greek deity,['violence'],female,[],,https://www.theoi.com/Daimon/Bia.html,Mythological Greek Character,Greek deity,,,
Q855509,Bias,mythical son of Amythaon,Mythological Greek Character,[],male,[],,,Mythological Greek Character,,,,
Q2715013,Boeotus,mythical son of Poseidon,Mythological Greek Character,[],male,[],,,Mythological Greek Character,,,,
Q109220,Boreas,"Greek mythological personification and god of the North wind, storms, winter, sadness, depression, loneliness, solitude, absence, lack, calmness and serenity",Anemoi,[],male,['Aquilon'],,https://www.theoi.com/Titan/AnemosBoreas.html,Mythological Greek Character,Greek deity,Anemoi,,
Q3493453,Borysthenes,ancient Greek river and river god,Potamoi,[],male,"['Dnipro River', 'Dnieper River', 'Dnipro', 'Dnepr', 'Dnieper']",,https://www.theoi.com/Potamos/PotamosBorysthenes.html,Mythological Greek Character,Greek deity,Greek water deities,Potamoi,
Q838393,Bounos,mythical character,Mythological Greek Character,[],male,[],,,Mythological Greek Character,,,,
Q852454,Bouzyges,mythical Athenian inventor of plowing,Mythological Greek Character,[],male,[],,,Mythological Greek Character,,,,
Q849647,Briareus,one of the Hundred-Handers,Hecatoncheires,[],male,"['Aegeaon', 'Aegaeon']",,https://www.theoi.com/Titan/HekatonkheirBriareos.html,Mythological Greek Character,Greek deity,Giants,Hecatoncheires,
Q244318,Briseis,daughter of Briseus in Greek mythology,Mythological Greek Character,[],female,"['Hippodámeia', 'Hippodameia']",,,Mythological Greek Character,,,,
Q734411,Briseus,son of Ardys in Greek mythology,Mythological Greek Character,[],male,[],,,Mythological Greek Character,,,,
Q831577,Britomartis,Minoan goddess of mountains and hunting,Greek deity,[],female,['Aphaea'],,https://www.theoi.com/Georgikos/Britomartis.html,Mythological Greek Character,Greek deity,,,
Q921527,Brizo,ancient Greek goddess,Greek deity,['fisher'],female,[],,,Mythological Greek Character,Greek deity,,,
Q2291710,Brontes,"Cyclop (""thunderer"")",cyclops,[],male,[],,,Mythological Greek Character,cyclops,,,
Q850078,Broteas,son of Tantalus in Greek mythology,Mythological Greek Character,[],male,['Broteas'],,,Mythological Greek Character,,,,
Q740468,Busiris,king of Egypt in Greek mythology,Mythological Greek Character,[],male,[],,https://www.theoi.com/Heros/Bousiris.html,Mythological Greek Character,,,,
Q1301972,Butes,"Argonaut, son of Teleon in Greek Mythology",Mythological Greek Character,[],male,[],,,Mythological Greek Character,,,,
Q855426,Byblis,"mythological character from Miletus, transformed into a spring",Mythological Greek Character,[],female,['Biblis'],,https://www.theoi.com/Nymphe/NympheByblis.html,Mythological Greek Character,,,,
Q863859,Byzas,son of Poseidon in Greek mythology,eponymous hero,[],male,[],,,Mythological Greek Character,eponymous hero,,,
Q754686,Cacus,fire breathing giant in Roman mythology,Mythological Greek Character,[],male,[],,https://www.theoi.com/Gigante/GiganteKakos.html,Mythological Greek Character,,,,
Q27613,Cadmus,"mythological founder of Thebes, son of Agenor",Mythological Greek Character,[],male,"['Cadmos', 'Kadmos']",,,Mythological Greek Character,,,,
Q1132772,Caeneus,Lapith hero of Thessaly,Mythological Greek Character,[],trans man,['Caenis'],,,Mythological Greek Character,,,,
Q893473,Calais,mythical son of Boreas,Mythological Greek Character,[],male,[],,,Mythological Greek Character,,,,
Q725527,Calchas,mythical seer,Mythological Greek Character,[],male,[],,,Mythological Greek Character,,,,
Q103975,Calliope,muse of epic poetry,Mythological Greek Character,[],female,['Kalliope'],,https://www.theoi.com/Ouranios/MousaKalliope.html,Mythological Greek Character,,,,
Q913161,Callirhoe,Oceanid of Greek mythology,Okeanid,[],female,[],,https://www.theoi.com/Nymphe/NympheKallirhoe1.html,Mythological Greek Character,Greek deity,Greek water deities,Oceanids,Okeanid
Q203673,Callisto,nymph in Greek mythology,Greek nymph,[],female,['Kallisto'],,https://www.theoi.com/Heroine/Kallisto.html,Mythological Greek Character,Greek deity,Greek nymph,,
Q2512142,Calydnus,mythical king of Thebes,Mythological Greek Character,[],male,[],,,Mythological Greek Character,,,,
Q1722780,Calydon,son of Aetolus in Greek mythology,Mythological Greek Character,[],male,[],,,Mythological Greek Character,,,,
Q48961,Calypso,Oceanid of Greek mythology,Okeanid,[],female,[],,https://www.theoi.com/Nymphe/NympheKalypso.html,Mythological Greek Character,Greek deity,Greek water deities,Oceanids,Okeanid
Q176130,Campe,water deity,Mythological Greek Character,[],female,[],,https://www.theoi.com/Ther/DrakainaKampe.html,Mythological Greek Character,,,,
Q1362409,Canace,daughter of Aiolos in Greek mythology,Mythological Greek Character,[],female,[],,,Mythological Greek Character,,,,
Q2595275,Candalus,mythological Greek character; one of the Heliadae,Mythological Greek Character,[],male,[],,,Mythological Greek Character,,,,
Q1723887,Canopus,helmsman of Menelaus in Greek mythology,Mythological Greek Character,[],male,"['Kanopos', 'Kanobos', 'Canopos']",,,Mythological Greek Character,,,,
Q833806,Capaneus,son of Hipponous in Greek mythology,Mythological Greek Character,[],male,[],,,Mythological Greek Character,,,,
Q20018046,Capys,son of Assaracus in Greek mythology,Mythological Greek Character,[],male,[],,,Mythological Greek Character,,,,
Q11912529,Carmanor,mythical hero of Crete,Mythological Greek Character,[],male,[],,https://www.theoi.com/Georgikos/Karmanor.html,Mythological Greek Character,,,,
Q1734053,Carme,nymph of the Greek mythology,Greek nymph,[],female,['Carme'],,https://www.theoi.com/Georgikos/Karme.html,Mythological Greek Character,Greek deity,Greek nymph,,
Q3660394,Carnabon,Dacian king,Mythological Greek Character,[],male,['Charnabon'],,,Mythological Greek Character,,,,
Q676834,Carpo,Greek deity,Greek deity,['season'],female,[],,https://www.theoi.com/Ouranios/HoraKarpo.html,Mythological Greek Character,Greek deity,,,
Q170779,Cassandra,mythological prophetess and princess of Troy,Mythological Greek Character,[],female,[],,,Mythological Greek Character,,,,
Q207681,Cassiopeia,figure in Greek mythology; queen of Aethiopia and wife of king Cepheus,Mythological Greek Character,[],female,[],,,Mythological Greek Character,,,,
Q170053,Castalia,water deity,naiad,[],female,[],,https://www.theoi.com/Nymphe/NympheKastalia.html,Mythological Greek Character,Greek deity,Greek nymph,naiad,
Q754835,Catreus,king of Crete and a son of Minos and Pasiphaë,Mythological Greek Character,[],male,[],,,Mythological Greek Character,,,,
Q1647297,Caunus,mythical son of Miletus and Cyane,Mythological Greek Character,[],male,[],,,Mythological Greek Character,,,,
Q580309,Caïssa,goddess of chess,dryad,['chess'],female,[],,,Mythological Greek Character,Greek deity,Greek nymph,dryad,
Q1417280,Cebren,water deity,Potamoi,[],male,[],,https://www.theoi.com/Potamos/PotamosKebren.html,Mythological Greek Character,Greek deity,Greek water deities,Potamoi,
Q500739,Cecrops I,mythical king of ancient Athens,Mythological Greek Character,[],male,['Cecrops'],,https://www.theoi.com/Heros/Kekrops.html,Mythological Greek Character,,,,
Q974346,Cecrops II,legendary king of Athens,Mythological Greek Character,[],male,['Kekrops II'],,,Mythological Greek Character,,,,
Q2470563,Cedalion,character in Greek mythology,Mythological Greek Character,[],male,[],,https://www.theoi.com/Georgikos/Kedalion.html,Mythological Greek Character,,,,
Q686174,Celaeno,one of the Pleiades in Greek mythology,Greek nymph,[],female,[],,https://www.theoi.com/Nymphe/NympheKelaino.html,Mythological Greek Character,Greek deity,Greek nymph,,
Q1141300,Celeus,mythical king at Eleusis,Mythological Greek Character,[],male,['Keleos'],,,Mythological Greek Character,,,,
Q643504,Cephalus,son of Deioneus and beloved of Eos in Greek mythology,Mythological Greek Character,[],male,"['Kephalos', 'Cephalus of Athens', 'Cephalus']",,,Mythological Greek Character,,,,
Q858116,"Cepheus, King of Aethiopia",mythical character,Mythological Greek Character,[],male,[],,,Mythological Greek Character,,,,
Q1509662,"Cepheus, King of Tegea",mythical character,Mythological Greek Character,[],male,[],,,Mythological Greek Character,,,,
Q1478704,Cephissus,river god in Boeotia,Potamoi,['Cephissus'],male,[],,https://www.theoi.com/Potamos/PotamosKephisos1.html,Mythological Greek Character,Greek deity,Greek water deities,Potamoi,
Q3664963,Cerambus,son of Eusirus in Greek mythology,Mythological Greek Character,[],male,['Terambos'],,,Mythological Greek Character,,,,
Q83496,Cerberus,three-headed dog that guards the underworld in Greek mythology,Mythological Greek Character,[],male organism,"['Hound of Hades', 'Cerberos', 'Garm', 'Garmr']",,https://www.theoi.com/Ther/KuonKerberos.html,Mythological Greek Character,,,,
Q2471013,Cercaphus,son of Helios in Greek mythology,Mythological Greek Character,[],male,[],,,Mythological Greek Character,,,,
Q1349772,Cercyon of Eleusis,son of Branchus in Greek mythology,Mythological Greek Character,[],male,[],,,Mythological Greek Character,,,,
Q2723170,Ceroessa,mythical daughter of Io and mother of Byzas,Greek nymph,[],female,[],,,Mythological Greek Character,Greek deity,Greek nymph,,
Q466882,Ceryneian Hind,animal from Greek mythology,Mythological Greek Character,[],female organism,['Cerynitis'],,https://www.theoi.com/Ther/ElaphosKerynitis.html,Mythological Greek Character,,,,
Q977434,Ceryx,son of Eumolpus in Greek mythology,Mythological Greek Character,[],male,[],,,Mythological Greek Character,,,,
Q209489,Ceto,Greek sea goddess,Greek water deities,[],female,"['Cratais', 'Crataeis', 'Krataeis']",,https://www.theoi.com/Pontios/Keto.html,Mythological Greek Character,Greek deity,Greek water deities,,
Q578888,Ceyx,"mythical son of Phosporus, husband of Alcyone",Mythological Greek Character,[],male,[],,,Mythological Greek Character,,,,
Q391010,Chalciope,"mythological figure, daughter of Aetes",Mythological Greek Character,[],female,"['Chalciope of Colchis', 'Iophossa', 'Evenia']",,,Mythological Greek Character,,,,
Q131090,Chaos,Greek primordial deity,Greek primordial deity,[],male,[],,https://www.theoi.com/Protogenos/Khaos.html,Mythological Greek Character,Greek deity,Greek primordial deity,,
Q176022,Charilaus,King of Sparta,Mythological Greek Character,[],male,"['Charillus', 'Charillos']",,,Mythological Greek Character,,,,
Q6612,Charon,ferryman of Hades in Greek-Roman mythology,Greek deity,[],male,"['Kharon', 'Charon (mythology)']",Greek underworld,https://www.theoi.com/Khthonios/Kharon.html,Mythological Greek Character,Greek deity,,,
Q192082,Charybdis,figure in Greek mythology transformed in a sea monster by Zeus,Greek water deities,[],female,['Kharybdis'],,https://www.theoi.com/Pontios/Kharybdis.html,Mythological Greek Character,Greek deity,Greek water deities,,
Q1069104,Chelone,character in Greek mythology,Oread,[],female,[],,https://www.theoi.com/Nymphe/NympheKhelone.html,Mythological Greek Character,Greek deity,Greek nymph,Oread,
Q182790,chimera,mythical or fictional animal with parts taken from various animals,Mythological Greek Character,[],female organism,"['chimaera', 'chimæra']",,https://www.theoi.com/Ther/Khimaira.html,Mythological Greek Character,,,,
Q7382381,Chione,"mythological Greek character, daughter of Boreas",Mythological Greek Character,[],female,['Chione (daughter of Boreas)'],,https://www.theoi.com/Nymphe/NympheKhione1.html,Mythological Greek Character,,,,
Q183417,Chiron,"centaur, figure from Greek mythology",centaur,[],male,['Cheiron'],,https://www.theoi.com/Georgikos/KentaurosKheiron.html,Mythological Greek Character,centaur,,,
Q1075258,Chloris,Greek nymph,Greek nymph,[],female,['Flora'],,https://www.theoi.com/Nymphe/NympheKhloris.html,Mythological Greek Character,Greek deity,Greek nymph,,
Q320660,Chrysaor,mythical character,Mythological Greek Character,[],male,[],,https://www.theoi.com/Ther/Khrysaor.html,Mythological Greek Character,,,,
Q611124,Chryseis,"mythological Greek character, daughter of Chryses in the Iliad",Mythological Greek Character,[],female,"['Chrysëis', 'Krisayis', 'Astynome']",Troy,,Mythological Greek Character,,,,
Q852301,Chryses,mythical son of Minos and priest of Apollo,Mythological Greek Character,[],male,['Chrises'],Chryse,,Mythological Greek Character,,,,
Q1043413,Chrysippus,son of Pelops,Mythological Greek Character,[],male,[],,https://www.theoi.com/Heros/Khrysippos.html,Mythological Greek Character,,,,
Q3697327,Chrysopeleia,nymph in Greek mythology,Greek nymph,[],female,[],,https://www.theoi.com/Nymphe/NympheKhrysopeleia.html,Mythological Greek Character,Greek deity,Greek nymph,,
Q616782,Cilix,"mythical character, son of Agenor",Mythological Greek Character,[],male,[],,,Mythological Greek Character,,,,
Q12878573,Cilla,"mythological Greek character, daughter of Laomedon",Mythological Greek Character,[],female,[],,,Mythological Greek Character,,,,
Q878246,Cinyras,mythical founder of the city of Paphos in Greek mythology,Mythological Greek Character,[],male,[],,,Mythological Greek Character,,,,
Q187602,Circe,enchantress-goddess in Greek mythology,Greek deity,[],female,"['Κίρκη', 'Kírkê', 'Circé', 'Kirke']",Aeaea,https://www.theoi.com/Titan/Kirke.html,Mythological Greek Character,Greek deity,,,
Q2259929,Cisseus,"Greek mythological character, Thracian king and father of Theano",Mythological Greek Character,[],male,[],,,Mythological Greek Character,,,,
Q1738025,Cisus,king of Argos in Greek mythology,Mythological Greek Character,[],male,"['Cissus', 'Ceisus']",,,Mythological Greek Character,,,,
Q2974445,Cithaeron,mythical king of Plataea,Greek deity,[],male,['Kithairon'],,https://www.theoi.com/Georgikos/OrosKithairon.html,Mythological Greek Character,Greek deity,,,
Q329690,Cleodaeus,mythical son of Hyllus,Mythological Greek Character,[],male,"['Cleodotus', 'Cleodemus']",,,Mythological Greek Character,,,,
Q542356,Cleopatra,"Greek mythological figure, daughter of Boreas",Mythological Greek Character,[],female,[],,,Mythological Greek Character,,,,
Q103968,Clio,"Greek mythological person, muse of history or of lyre playing, daughter of Zeus and the Titaness Mnemosyne",Mythological Greek Character,"['history', 'study of history']",female,[],,https://www.theoi.com/Ouranios/MousaKleio.html,Mythological Greek Character,,,,
Q2780953,Clonius,son of Alector or Alegenor in Greek mythology,Mythological Greek Character,[],male,[],,,Mythological Greek Character,,,,
Q829669,Clotho,one of the Fates of Greek mythology,Greek deity,[],female,['Klotho'],,,Mythological Greek Character,Greek deity,,,
Q131157,Clytemnestra,daughter of Tyndareus in Greek mythology,Mythological Greek Character,[],female,"['Klytemnestra', 'Clytaemnestra', 'Clytaemestra']",,,Mythological Greek Character,,,,
Q866674,Clytie,Oceanid of Greek mythology,Okeanid,[],female,"['Clytia', 'Klytia']",,https://www.theoi.com/Nymphe/NympheKlytie.html,Mythological Greek Character,Greek deity,Greek water deities,Oceanids,Okeanid
Q1206054,Clytius,giant in Greek mythology,Giants,[],male,['Klytios'],,,Mythological Greek Character,Greek deity,Giants,,
Q1559958,Cocalus,king of Kamikos in Sicily,Mythological Greek Character,[],male,"['Κώκαλος', 'Cocalos']",,,Mythological Greek Character,,,,
Q1052888,Codrus,last of the semi-mythical Kings of Athens,Mythological Greek Character,[],male,[],,,Mythological Greek Character,,,,
Q182837,Coeus,Titan in Greek mythology,titan,[],male,"['Polos', 'Polus']",,https://www.theoi.com/Titan/TitanKoios.html,Mythological Greek Character,Greek deity,titan,,
Q1780711,Comus,"in Greek mythology, the god of festivity and son of Bacchus",Greek deity,[],male,['Komos'],,https://www.theoi.com/Georgikos/SatyrosKomos.html,Mythological Greek Character,Greek deity,,,
Q2641203,Copreus,King Eurystheus' herald in Greek mythology,Mythological Greek Character,[],male,[],,,Mythological Greek Character,,,,
Q644692,Corcyra,daughter of the Asopos river and the nymph Metope,Greek nymph,[],female,['Korkyra'],,https://www.theoi.com/Nymphe/NympheKorkyra.html,Mythological Greek Character,Greek deity,Greek nymph,,
Q31256,Corinthos,king of Corinth in Greek Mythology,Mythological Greek Character,[],male,['Corinthus'],,,Mythological Greek Character,,,,
Q1784620,Coroebus,mythological son of Mygdon,Mythological Greek Character,[],male,[],,,Mythological Greek Character,,,,
Q725286,Coronis,daughter of Phlegyas in Greek mythology,Mythological Greek Character,[],female,['Koronis'],,https://www.theoi.com/Heroine/Koronis.html,Mythological Greek Character,,,,
Q3318918,Cottus,one of the Hundred-Handers,Hecatoncheires,[],male,['Kottus'],,https://www.theoi.com/Titan/Hekatonkheires.html,Mythological Greek Character,Greek deity,Giants,Hecatoncheires,
Q2709208,Cotys,Thracian/Greek divinity,Greek deity,[],female,"['Kotyto', 'Cotytto', 'Kotys']",,https://www.theoi.com/Thrakios/Kotys.html,Mythological Greek Character,Greek deity,,,
Q3696428,Cragaleus,son of Dryops in Greek mythology,Mythological Greek Character,[],male,[],,,Mythological Greek Character,,,,
Q928411,Cranaus,mythical character,Mythological Greek Character,[],male,[],,,Mythological Greek Character,,,,
Q732066,Creon,king of Thebes in Greek mythology,Mythological Greek Character,[],male,[],Thebes,,Mythological Greek Character,,,,
Q1788026,Cresphontes,king of Messenia in Greek mythology,Mythological Greek Character,[],male,[],,,Mythological Greek Character,,,,
Q869665,Cretheus,"in Greek mythology, king and founder of Iolcus",Mythological Greek Character,[],male,[],,,Mythological Greek Character,,,,
Q375174,Creusa,Greek mythology character; daughter of Priam and Hecuba,Mythological Greek Character,[],female,['Creusa of Troy'],,,Mythological Greek Character,,,,
Q955408,Criasus,mythical king of Argos,Mythological Greek Character,[],male,[],,,Mythological Greek Character,,,,
Q631865,Crinisus,river god,Potamoi,['Crinisus'],male,['Crimissus'],,,Mythological Greek Character,Greek deity,Greek water deities,Potamoi,
Q1445864,Crisus,son of Phocus in Greek mythology,Mythological Greek Character,[],male,['Crissus'],,,Mythological Greek Character,,,,
Q44204,Cronus,ruler of the Titans in Greek mythology,titan,[],male,"['Kronos', 'Cronos', 'Saturn']",Mount Othrys,https://www.theoi.com/Titan/TitanKronos.html,Mythological Greek Character,Greek deity,titan,,
Q1132777,Crotopus,king of Argos in Greek mythology,Mythological Greek Character,[],male,[],,,Mythological Greek Character,,,,
Q625051,Crotus,mythical son of Pan and Eupheme,Greek deity,[],male,['Krotos'],,https://www.theoi.com/Georgikos/SatyrosKrotos.html,Mythological Greek Character,Greek deity,,,
Q1790803,Ctimene,"daughter of Laertes, sister of Odysseus",Mythological Greek Character,[],female,[],,,Mythological Greek Character,,,,
Q762835,Cumaean Sibyl,priestess presiding over the Apollonian oracle at Cumae,sibyl,[],female,"['Hierophila', 'Demophila Amalthea', 'Sibylla Cumana', 'Deiphobe']",,,Mythological Greek Character,sibyl,,,
Q1423058,Cyane,Sicilian nymph in Greek mythology,naiad,[],female,[],Sicily,https://www.theoi.com/Nymphe/NympheKyane.html,Mythological Greek Character,Greek deity,Greek nymph,naiad,
Q1444498,Cyanippus,mythical king of Argos,Mythological Greek Character,[],male,['Cyanippus'],,,Mythological Greek Character,,,,
Q679716,Cychreus,son of Poseidon in Greek mythology,Mythological Greek Character,[],male,[],,,Mythological Greek Character,,,,
Q577245,Cycnus,"character in Greek mythology, son of Ares, killed by Heracles",Mythological Greek Character,[],male,[],,https://www.theoi.com/Heros/KyknosItonios.html,Mythological Greek Character,,,,
Q1795033,Cylarabes,mythological king of Argos,Mythological Greek Character,[],male,"['Cylasabos', 'Cylarabos']",,,Mythological Greek Character,,,,
Q7595427,Cyllene,naiad from Greek mythology,naiad,[],female,[],,https://www.theoi.com/Nymphe/NympheKyllene.html,Mythological Greek Character,Greek deity,Greek nymph,naiad,
Q844867,Cymopoleia,daughter of Poseidon,Greek nymph,[],female,[],,https://www.theoi.com/Nymphe/NympheKymopoleia.html,Mythological Greek Character,Greek deity,Greek nymph,,
Q1466824,Cynortas,King of Sparta and son of Amyclas,Mythological Greek Character,[],male,[],,,Mythological Greek Character,,,,
Q1056143,Cyparissus,mythological youth beloved by Apollo or other deities,Mythological Greek Character,[],male,['Kyparissos'],,https://www.theoi.com/Heros/Kyparissos.html,Mythological Greek Character,,,,
Q1247318,Cypselus,mythical king in Arcadia,Mythological Greek Character,[],male,[],,,Mythological Greek Character,,,,
Q393261,Cyrene,"nymph, mother of Aristaeus by Apollo",Mythological Greek Character,[],female,['Cyrene'],,,Mythological Greek Character,,,,
Q3678283,Cytissorus,Founder of Cytorus in Greek mythology,Mythological Greek Character,[],male,[],,,Mythological Greek Character,,,,
Q1795211,Cyzicus,"Greek mythical character, King of the Doliones",Mythological Greek Character,[],male,[],,,Mythological Greek Character,,,,
Q901224,Daedalion,son of Phosphorus in Greek mythology,Mythological Greek Character,[],male,[],,,Mythological Greek Character,,,,
Q134756,Daedalus,son of Metion in Greek mythology,Mythological Greek Character,[],male,[],,,Mythological Greek Character,,,,
Q4154083,Daeira,"Oceanid, mother of Eleusis by Hermes",Okeanid,[],female,[],,,Mythological Greek Character,Greek deity,Greek water deities,Oceanids,Okeanid
Q3012621,Damasen,Greek mythological creature,Giants,[],male,[],,https://www.theoi.com/Gigante/GiganteDamasen.html,Mythological Greek Character,Greek deity,Giants,,
Q116437,Damocles,figure featured in an ancient Greek moral anecdote,Mythological Greek Character,[],male,[],,,Mythological Greek Character,,,,
Q901487,Damysos,giant in Greek mythology,Giants,[],male,['Damysus'],,https://www.theoi.com/Gigante/GiganteDamysos.html,Mythological Greek Character,Greek deity,Giants,,
Q210883,Danaus,Greek mythological king,Mythological Greek Character,[],male,[],,,Mythological Greek Character,,,,
Q190582,Danaë,"daughter of Acrisius of Argos and Queen Eurydice, mother of Perseus, in Greek mythology",Mythological Greek Character,[],female,[],,https://www.theoi.com/Heroine/Danae.html,Mythological Greek Character,,,,
Q194015,Daphne,Greek mythological figure,naiad,[],female,[],,https://www.theoi.com/Nymphe/NympheDaphne.html,Mythological Greek Character,Greek deity,Greek nymph,naiad,
Q741627,Daphnis,"mythological Greek character, son of Hermes, inventor of Bucolics",Mythological Greek Character,[],male,['Daphnis'],,https://www.theoi.com/Heros/Daphnis.html,Mythological Greek Character,,,,
Q461212,Dardanus,"mythological Greek character, son of Zeus",Mythological Greek Character,[],male,['Dardanos'],,,Mythological Greek Character,,,,
Q272000,Deianira,daughter of Dexamenus in Greek mythology,Mythological Greek Character,[],female,"['Deianeira', 'Dejanira']",,,Mythological Greek Character,,,,
Q431387,Deidamia,"Greek mythological figure, daughter of Lycomedes",Mythological Greek Character,[],female,['Deidameia'],,,Mythological Greek Character,,,,
Q106240,Deimos,personal god of dread and terror in Greek mythology,Greek deity,['terror'],male,['Pallor'],,https://www.theoi.com/Daimon/Deimos.html,Mythological Greek Character,Greek deity,,,
Q1183342,Deioneus,son of Aeolus,Mythological Greek Character,[],male,['Deion'],,,Mythological Greek Character,,,,
Q736813,Deiphobus,"mythical character, son of Priam of Troy",Mythological Greek Character,[],male,['Deiphobos'],,,Mythological Greek Character,,,,
Q912772,Deiphontes,son of Antimachus in Greek mythology,Mythological Greek Character,[],male,[],,,Mythological Greek Character,,,,
Q279566,Deipyle,daughter of Adrastus in Greek mythology,Mythological Greek Character,[],female,[],,,Mythological Greek Character,,,,
Q12737222,Delphic Sibyl,Prophetess of classical antiquity,sibyl,[],female,[],,,Mythological Greek Character,sibyl,,,
Q2322448,Delphus,son of Poseidon in Greek mythology,Mythological Greek Character,[],male,[],,,Mythological Greek Character,,,,
Q40730,Demeter,"Greek goddess of the harvest, grains, and agriculture",Olympian god,"['agriculture', 'soil', 'fertility']",female,"['Dêmêtêr', 'Deo', 'Ceres']",Olympus,https://www.theoi.com/Olympios/Demeter.html,Mythological Greek Character,Greek deity,Olympian god,,
Q844808,Demodocus,mythical minstrel of Alcinous,Mythological Greek Character,[],male,[],,,Mythological Greek Character,,,,
Q1186488,Demonice,figure of Greek mythology,Mythological Greek Character,[],female,[],,,Mythological Greek Character,,,,
Q912376,Demophon of Athens,Athenian king in Greek mythology,Mythological Greek Character,[],male,[],,,Mythological Greek Character,,,,
Q1475776,Demophon of Eleusis,Eleusinian prince in Greek mythology,Mythological Greek Character,[],male,[],,,Mythological Greek Character,,,,
Q1146978,Despoina,Greek goddess of Arcadian mystery cults,Greek deity,[],female,"['Despoena', 'The Mistress', 'Despina']",,https://www.theoi.com/Georgikos/Despoine.html,Mythological Greek Character,Greek deity,,,
Q207715,Deucalion,son of Prometheus in Greek mythology,Mythological Greek Character,[],male,[],,https://www.theoi.com/Heros/Deukalion.html,Mythological Greek Character,,,,
Q904515,Deucalion of Crete,King of Crete in Greek mythology,Mythological Greek Character,[],male,"['Δευκαλίων της Κρήτης', 'Deukalion']",,,Mythological Greek Character,,,,
Q3706015,Dexamenus,mythical king of Olenus in Achaea,Mythological Greek Character,[],male,[],,https://www.theoi.com/Heros/Dexamenos.html,Mythological Greek Character,,,,
Q905409,Dictys,"mythic character, fisherman and brother of King Polydectes",Mythological Greek Character,[],male,[],,,Mythological Greek Character,,,,
Q905162,Dido,legendary founder and first queen of Carthage,Mythological Greek Character,[],female,"['Elissa', 'Alyssa', 'Elisa']",,,Mythological Greek Character,,,,
Q1226883,Diocles,mythical son of Orsilochus,Mythological Greek Character,[],male,[],,,Mythological Greek Character,,,,
Q208256,Diomedes,"hero son of Tydeus in Greek mythology, king of Argos",Mythological Greek Character,[],male,"['Tydeides', 'Tydeiades']",,,Mythological Greek Character,,,,
Q199923,Dione,"Greek goddess, mother of Aphrodite",titan,[],female,[],,https://www.theoi.com/Titan/TitanisDione.html,Mythological Greek Character,Greek deity,titan,,
Q41680,Dionysus,Ancient Greek god of winemaking and wine,Greek deity,"['winemaking', 'wine']",male,"['Dionysos', 'Girish', 'Girindra', 'Girik', 'Gaurinath', 'Gaganesh', 'Ekaling', 'Eeshan', 'Çiva', 'chandra sekharudu', 'Bhola', 'Bhairav', 'Akul', 'Achintya', 'Mahadeva', 'Kedar', 'Jayant', 'Rudra', 'Kashinath', 'niranjan', 'Mahesh', 'Nagesh', 'Siva', 'Śiva', 'Purajit', 'Purahan', 'Pinaki', 'parameshwara', 'Panshul', 'Panchal', 'Omkarnath', 'Nabhya', 'Mukesh', 'Mrigasya', 'Mangesh', 'Mahamani', 'Mahâdêva', 'Mahadev', 'Madhavan', 'Madesh', 'Jwalia', 'Jograj', 'Joginder', 'Jogesh', 'Jatin', 'Hemakesh', 'Hariaksa', 'Harendra', 'Shiva']",,https://www.theoi.com/Olympios/Dionysos.html,Mythological Greek Character,Greek deity,,,
Q850192,Dirce,daughter of Ismenus in Greek mythology,Mythological Greek Character,[],female,[],,https://www.theoi.com/Nymphe/NympheDirke.html,Mythological Greek Character,,,,
Q907854,Dolius,mythical character,Mythological Greek Character,[],male,[],,,Mythological Greek Character,,,,
Q854056,Dolon,"person in Greek mythology, Trojan soldier",Mythological Greek Character,[],male,[],,,Mythological Greek Character,,,,
Q1236399,Dolos,deity,Greek deity,[],male,[],,https://www.theoi.com/Daimon/Dolos.html,Mythological Greek Character,Greek deity,,,
Q726279,Doris,Oceanid of Greek mythology,Okeanid,[],female,[],,https://www.theoi.com/Nymphe/NympheDoris.html,Mythological Greek Character,Greek deity,Greek water deities,Oceanids,Okeanid
Q1139448,Dorus,"son of Hellen, eponym of the Dorians in Greek mythology",Mythological Greek Character,[],male,['Doros'],,,Mythological Greek Character,,,,
Q1167892,Doryssus,King of Sparta,Mythological Greek Character,[],male,['Doryssos'],,,Mythological Greek Character,,,,
Q910403,Dryope,"daughter of Dryops or of Eurytus, mother of Amphissus",dryad,[],female,['Dryope'],,https://www.theoi.com/Nymphe/NympheDryope.html,Mythological Greek Character,Greek deity,Greek nymph,dryad,
Q3040215,Dryops,Mythical ancestor of the Dryopes,Mythological Greek Character,[],male,[],,,Mythological Greek Character,,,,
Q761597,Dynamene,Nereid of Greek mythology,Mythological Greek Character,[],female,[],,,Mythological Greek Character,,,,
Q1138207,Dysnomia,ancient Greek deity,allegorical Greek deity,[],female,[],,https://www.theoi.com/Daimon/Dysnomia.html,Mythological Greek Character,Greek deity,allegorical Greek deity,,
Q2993260,Echemus,son of Aeropus in Greek mythology,Mythological Greek Character,[],male,[],,,Mythological Greek Character,,,,
Q1280328,Echestratus,King of ancient Sparta,Mythological Greek Character,[],male,[],,,Mythological Greek Character,,,,
Q2641180,Echetus,son of Euchenor in Greek mythology,Mythological Greek Character,[],male,[],,,Mythological Greek Character,,,,
Q185670,Echidna,ancient Greek mythological monster,Greek deity,[],female,[],,https://www.theoi.com/Ther/DrakainaEkhidna1.html,Mythological Greek Character,Greek deity,,,
Q4089734,Echion,"Argonaut, son of Hermes, in Greek mythology",Mythological Greek Character,[],male,[],,,Mythological Greek Character,,,,
Q207368,Echo,mountain nymph of Greek mythology,Oread,['echo'],female,[],,https://www.theoi.com/Nymphe/NympheEkho.html,Mythological Greek Character,Greek deity,Greek nymph,Oread,
Q2293877,Eidyia,"Oceanid of Greek mythology, spouse of Aeetes",Okeanid,[],female,[],,https://www.theoi.com/Nymphe/NympheEidyia.html,Mythological Greek Character,Greek deity,Greek water deities,Oceanids,Okeanid
Q94066,Eileithyia,Greek goddess of childbirth and midwifery,Greek deity,['parturition'],female,"['Ilithia', 'Ilithyia', 'Eilithyia', 'Lucina']",,https://www.theoi.com/Ouranios/Eileithyia.html,Mythological Greek Character,Greek deity,,,
Q214987,Eirene,ancient Greek goddess of peace,Greek deity,[],female,"['Irene', 'Pax']",,https://www.theoi.com/Ouranios/HoraEirene.html,Mythological Greek Character,Greek deity,,,
Q1133495,Elara,daughter of Orchomenos and lover of Zeus,Mythological Greek Character,[],female,[],,,Mythological Greek Character,,,,
Q26296,Electryon,son of Perseus in Greek mythology,Mythological Greek Character,[],male,[],,,Mythological Greek Character,,,,
Q2043578,Electryone,daughter of Helios,Mythological Greek Character,[],female,['Alectrona'],,,Mythological Greek Character,,,,
Q131651,Elektra,daughter of Agamemnon,Mythological Greek Character,[],female,"['Electra', 'Laodice']",,,Mythological Greek Character,,,,
Q364688,Eleos,Greek deity of pity & compassion,Greek deity,[],female,[],,https://www.theoi.com/Daimon/Eleos.html,Mythological Greek Character,Greek deity,,,
Q1328257,Elephenor,"mythical king, son of Chalcodon",Mythological Greek Character,[],male,[],,,Mythological Greek Character,,,,
Q1328260,Eleusis,eponymous hero of the town of Eleusis,Mythological Greek Character,[],male,['Eleusinus'],,https://www.theoi.com/Georgikos/EleusiniosEleusis.html,Mythological Greek Character,,,,
Q935433,Elpenor,mythical character,Mythological Greek Character,[],male,[],,,Mythological Greek Character,,,,
Q2633131,Elpis,Greek mythological personification and spirit of hope,Greek deity,['hope'],male,"['Hope', 'Spes']",,https://www.theoi.com/Daimon/Elpis.html,Mythological Greek Character,Greek deity,,,
Q48665,Enarete,daughter of Deimachus in Greek mythology,Mythological Greek Character,[],female,['Aenarete'],,,Mythological Greek Character,,,,
Q845112,Enceladus,mythological giant,Giants,[],male,[],,https://www.theoi.com/Gigante/GiganteEnkelados.html,Mythological Greek Character,Greek deity,Giants,,
Q2293816,Endeïs,daughter of Sciron in Greek mythology,Mythological Greek Character,[],female,['Endeis'],,https://www.theoi.com/Nymphe/NympheEndeis.html,Mythological Greek Character,,,,
Q272047,Endymion,son of Aethlius in Greek mythology,Mythological Greek Character,[],male,[],,https://www.theoi.com/Heros/Endymion.html,Mythological Greek Character,,,,
Q949290,Enipeus,Greek river god,Potamoi,['Enipeas'],male,[],,https://www.theoi.com/Potamos/PotamosEnipeus.html,Mythological Greek Character,Greek deity,Greek water deities,Potamoi,
Q1345963,Enyalius,deity,Greek deity,[],male,['Enyalios'],,https://www.theoi.com/Daimon/Enyalios.html,Mythological Greek Character,Greek deity,,,
Q747657,Enyo,Greek goddess of war and destruction,Greek deity,"['war', 'destruction', 'conquest']",female,['Bellona'],Olympus,https://www.theoi.com/Daimon/Enyo.html,Mythological Greek Character,Greek deity,,,
Q178417,Eos,Greek goddess of the dawn,Greek deity,['dawn'],female,"['Erigeneia', 'Rhododactylos', 'Goddess Aurora', 'Dawn', 'Aurora']",sky,https://www.theoi.com/Titan/Eos.html,Mythological Greek Character,Greek deity,,,
Q675699,Epaphus,"mythical character, son of Zeus and Io",Mythological Greek Character,[],male,[],,,Mythological Greek Character,,,,
Q687206,Epeius,son of Endymion in Greek mythology,Mythological Greek Character,[],male,['Epeios'],,https://www.theoi.com/Heros/Epeios.html,Mythological Greek Character,,,,
Q41054,Epimetheus,mythological figure,titan,[],male,[],,https://www.theoi.com/Titan/TitanEpimetheus.html,Mythological Greek Character,Greek deity,titan,,
Q2089459,Epione,wife of Asclepius in Greek mythology,Mythological Greek Character,[],female,[],,https://www.theoi.com/Ouranios/AsklepiasEpione.html,Mythological Greek Character,,,,
Q1347568,Epopeus,"mythical character, king of Sicyon",Mythological Greek Character,[],male,['Epopeus of Sicyon'],,,Mythological Greek Character,,,,
Q104413,Erato,Greek muse of lyrical poetry,Mythological Greek Character,[],female,[],,,Mythological Greek Character,,,,
Q131122,Erebos,primordial deity in Greek mythology,Greek primordial deity,[],male,['Erebus'],,https://www.theoi.com/Protogenos/Erebos.html,Mythological Greek Character,Greek deity,Greek primordial deity,,
Q301219,Erechtheus,legendary king of Athens,Mythological Greek Character,[],male,['Erechtheus II'],,,Mythological Greek Character,,,,
Q1294873,Erginus,mythical king of the Minyans,Mythological Greek Character,[],male,['Erginos'],,,Mythological Greek Character,,,,
Q644921,Erichthonius,legendary king of Athens,Mythological Greek Character,[],male,['Erichthonius of Athens'],,,Mythological Greek Character,,,,
Q1353705,Erichthonius of Dardania,son of Dardanus and father of Tros,Mythological Greek Character,[],male,[],,,Mythological Greek Character,,,,
Q1135146,Eridanos,river mentioned in Greek mythology,Potamoi,[],male,['Eridanos (river of Hades)'],,https://www.theoi.com/Potamos/PotamosEridanos.html,Mythological Greek Character,Greek deity,Greek water deities,Potamoi,
Q1353815,Erigone,daughter of Aegisthus and Clytemnestra in Greek mythology,Mythological Greek Character,[],female,[],,,Mythological Greek Character,,,,
Q1125040,Eriphyle,daughter of Talaus in Greek mythology,Mythological Greek Character,[],female,[],,,Mythological Greek Character,,,,
Q140001,Eris,Greek goddess of discord,Greek deity,"['competitiveness', 'discord', 'strife']",female,"['Goddess of Discord', 'Strife', 'Discordia']",,https://www.theoi.com/Daimon/Eris.html,Mythological Greek Character,Greek deity,,,
Q121973,Eros,Greek god of love and sex,Greek primordial deity,[],male,"['Cupid', 'Amore', 'Cupido', 'Amor']",,https://www.theoi.com/Protogenos/Eros.html,Mythological Greek Character,Greek deity,Greek primordial deity,,
Q180325,Ersa,Greek water deity,Greek water deities,[],female,[],,https://www.theoi.com/Titan/Herse.html,Mythological Greek Character,Greek deity,Greek water deities,,
Q334456,Erymanthian Boar,mythological boar,Mythological Greek Character,[],male organism,[],,https://www.theoi.com/Ther/HusErymanthios.html,Mythological Greek Character,,,,
Q491615,Erysichthon of Attica,son of Cecrops I in Greek mythology,Mythological Greek Character,[],male,[],,,Mythological Greek Character,,,,
Q899184,Erysichthon of Thessaly,son of Triopas in Greek mythology,Mythological Greek Character,[],male,[],,https://www.theoi.com/Heros/Erysikhthon.html,Mythological Greek Character,,,,
Q29470201,Erytheia,"nymph in Greek mythology, one of the Hesperids",Mythological Greek Character,[],female,['Erytheis'],,,Mythological Greek Character,,,,
Q430157,Eryx,"Greek mythology, the king of the city Eryx in Sicily",Mythological Greek Character,[],male,['cn'],Eryx,https://www.theoi.com/Heros/Eryx.html,Mythological Greek Character,,,,
Q506550,Eteocles,mythological king of Thebes,Mythological Greek Character,[],male,[],,,Mythological Greek Character,,,,
Q1371026,Eteoclus,son of Iphis in Greek mythology,Mythological Greek Character,[],male,[],,,Mythological Greek Character,,,,
Q1352687,Eubuleus,son of Carmanor in Greek mythology,Mythological Greek Character,[],male,"['Eubolos', 'Eubulus']",,https://www.theoi.com/Georgikos/EleusiniosEubouleus.html,Mythological Greek Character,,,,
Q3314305,Eucleia,Greek mythological figure,Greek deity,[],female,[],,https://www.theoi.com/Daimon/Eukleia.html,Mythological Greek Character,Greek deity,,,
Q1331224,Eudoros,"Greek mythical character, leader of the Myrmidons",Mythological Greek Character,[],male,['Eudorus'],,,Mythological Greek Character,,,,
Q1333846,Eumaeus,"in Greek mythology, Odysseus's swineherd and friend",Mythological Greek Character,[],male,['Eumaios'],Ithaca,,Mythological Greek Character,,,,
Q1686620,Eumelus,"mythical king of Pherae, son of Admetus",Mythological Greek Character,[],male,['Eumelos'],,,Mythological Greek Character,,,,
Q1125049,Eumolpus,Thracian king settled at Eleusis in Greek mythology,Mythological Greek Character,[],male,[],,,Mythological Greek Character,,,,
Q920416,Eunomia,Greek goddess of good order,Greek deity,[],female,[],,https://www.theoi.com/Ouranios/HoraEunomia.html,Mythological Greek Character,Greek deity,,,
Q2714687,Eunomus,"Spartan king, son of Prytanis",Mythological Greek Character,[],male,[],,,Mythological Greek Character,,,,
Q3562019,Eupalamus,mythical father of Daedalus,Mythological Greek Character,[],male,['Palamaon'],,,Mythological Greek Character,,,,
Q2723769,Eupheme,"Greek female spirit of words of good omen, praise, acclaims, shouts of triumph, and applause",Mythological Greek Character,[],female,[],,https://www.theoi.com/Daimon/Eupheme.html,Mythological Greek Character,,,,
Q749123,Euphemus,son of Poseidon in Greek mythology,Mythological Greek Character,[],male,[],,,Mythological Greek Character,,,,
Q599489,Euphorbus,"mythical Trojan, son of Panthous",Mythological Greek Character,[],male,"['Euphorbus the Phrygian', 'Euphorbus']",,,Mythological Greek Character,,,,
Q3734203,Euphorion,figure of Greek mythology; son of Achilles,Mythological Greek Character,[],male,[],,,Mythological Greek Character,,,,
Q689422,Euphrosyne,"deity, one of the Graces",Greek deity,[],female,[],,https://www.theoi.com/Ouranios/KharisEuphrosyne.html,Mythological Greek Character,Greek deity,,,
Q165170,Europa,"Phoenician character in Greek mythology, daughter of Agenor",Mythological Greek Character,['Europe'],female,"['Evropa', 'Europe', 'Europa']",,,Mythological Greek Character,,,,
Q836518,Euros,"the Greek deity representing the unlucky east wind , autumn, fall of leaves, agriculture, harvest, change , balance , comfort ,adulthood and maturity",Anemoi,[],male,['Eurus'],,https://www.theoi.com/Titan/AnemosEuros.html,Mythological Greek Character,Greek deity,Anemoi,,
Q1378335,Eurotas,King of Laconia,Mythological Greek Character,[],male,[],,,Mythological Greek Character,,,,
Q836140,Euryale,mythical character; second eldest of the Gorgons,Mythological Greek Character,[],female,[],,,Mythological Greek Character,,,,
Q1378407,Euryalus,son of Mecisteus in Greek Mythology,Mythological Greek Character,[],male,[],,,Mythological Greek Character,,,,
Q506285,Eurybia,Greek sea goddess,Greek water deities,['sea'],female,[],,https://www.theoi.com/Pontios/Eurybia.html,Mythological Greek Character,Greek deity,Greek water deities,,
Q615201,Eurycleia,wet-nurse of Odysseus,Mythological Greek Character,[],female,['Euryclea'],,,Mythological Greek Character,,,,
Q509010,Eurycrates,King of Sparta,Mythological Greek Character,[],male,[],,,Mythological Greek Character,,,,
Q1378472,Eurycyda,mythical daughter of Endymion,Mythological Greek Character,[],female,[],,,Mythological Greek Character,,,,
Q208588,Eurydice,"oak nymph, or daughter of Apollo and wife of Orpheus",dryad,[],female,[],,,Mythological Greek Character,Greek deity,Greek nymph,dryad,
Q1318307,Eurydice of Argos,Greek queen,Mythological Greek Character,[],female,[],,,Mythological Greek Character,,,,
Q1378457,Eurydice of Thebes,mythical character,Mythological Greek Character,[],female,[],,,Mythological Greek Character,,,,
Q993387,Eurylochus,member of Odysseus' crew,Mythological Greek Character,[],male,[],,,Mythological Greek Character,,,,
Q548099,Eurynome,Oceanid of Greek mythology,Okeanid,[],female,['Eurynome'],,https://www.theoi.com/Titan/TitanisEurynome.html,Mythological Greek Character,Greek deity,Greek water deities,Oceanids,Okeanid
Q1378534,Eurynomos,Greek mythological spirit of the underworld,daemon,[],male,[],,https://www.theoi.com/Khthonios/Eurynomos.html,Mythological Greek Character,Greek deity,daemon,,
Q1266363,Eurypon,king of Sparta,Mythological Greek Character,[],male,[],,,Mythological Greek Character,,,,
Q120831,Eurypylus,mythical son of Telephus,Mythological Greek Character,[],male,[],,,Mythological Greek Character,,,,
Q1378566,Eurysaces,son of Ajax the Great in Greek mythology,Mythological Greek Character,[],male,[],,,Mythological Greek Character,,,,
Q960237,Eurysthenes,basileus (king) of Sparta,Mythological Greek Character,[],male,[],,,Mythological Greek Character,,,,
Q212087,Eurystheus,king of Tiryns in Greek mythology,Mythological Greek Character,[],male,[],,,Mythological Greek Character,,,,
Q104012,Euterpe,muse of music in Greek mythology,Mythological Greek Character,[],female,[],,https://www.theoi.com/Ouranios/MousaEuterpe.html,Mythological Greek Character,,,,
Q3314298,Euthenia,"daimona of Ancient Greece, female spirit of prosperity",Mythological Greek Character,[],female,[],,https://www.theoi.com/Daimon/Euthenia.html,Mythological Greek Character,,,,
Q837699,Evander of Pallene,"mythical character of Greek and Roman mythology, king of Pallantium",Mythological Greek Character,[],male,['Evander'],,,Mythological Greek Character,,,,
Q1372323,Evenus,king in Greek mythology,Mythological Greek Character,[],male,"['Evinos', 'Euenos', 'Evenus']",,https://www.theoi.com/Potamos/PotamosEuenos.html,Mythological Greek Character,,,,
Q93172,Gaia,"Greek primordial deity, the personification of the Earth",Greek primordial deity,['fertility'],female,"['Gaea', 'Ge', 'Tellus Mater', 'Terra Mater', 'Tellus', 'Mother Earth', 'Terra']",,https://www.theoi.com/Protogenos/Gaia.html,Mythological Greek Character,Greek deity,Greek primordial deity,,
Q1386394,Galanthis,daughter of Proetus of Thebes in Greek mythology,Mythological Greek Character,[],female,"['Galinthias', 'Historis']",,,Mythological Greek Character,,,,
Q241070,Galatea,nereid from Greek mythology,Mythological Greek Character,[],female,"['Galathea', 'Galatea']",,https://www.theoi.com/Pontios/NereisGalateia.html,Mythological Greek Character,,,,
Q5518406,Galene,nereid in Greek mythology,Mythological Greek Character,['Galene'],female,[],,https://www.theoi.com/Pontios/NereisGalene.html,Mythological Greek Character,,,,
Q131588,Ganymede,son of Tros in Greek mythology,Mythological Greek Character,[],male,['Ganymedes'],,https://www.theoi.com/Ouranios/Ganymedes.html,Mythological Greek Character,,,,
Q1249335,Gelanor,mythical son of Sthenelas of Argos,Mythological Greek Character,[],male,[],,,Mythological Greek Character,,,,
Q3625564,Gerana,"mythological Greek character, turned by Hera into a crane",Mythological Greek Character,[],female,['Oenoe'],,,Mythological Greek Character,,,,
Q1052301,Geras,son of Night and personification of Old Age in Greek mythology,allegorical Greek deity,['old age'],male,[],,https://www.theoi.com/Daimon/Geras.html,Mythological Greek Character,Greek deity,allegorical Greek deity,,
Q86805,Geryon,mythical king of far western Mediterranean,Mythological Greek Character,[],male,['Geryones'],,https://www.theoi.com/Gigante/GiganteGeryon.html,Mythological Greek Character,,,,
Q385397,Glaucus,semi-divine sea-dweller in Greek mythology,Greek water deities,[],male,"['Marine Glaucus', 'Glaukos']",,https://www.theoi.com/Pontios/Glaukos.html,Mythological Greek Character,Greek deity,Greek water deities,,
Q1532491,Glycon,ancient Mediterranean snake god popular in the the Roman Empire in the 2nd century,Greek deity,[],male,['Glicó'],,,Mythological Greek Character,Greek deity,,,
Q1413020,Gordias,"in Greek mythology, the king of Phrygia",Mythological Greek Character,[],male,['Gordius'],,,Mythological Greek Character,,,,
Q1538212,Gorge,figure in Greek mythology (daughter of Oeneus and Althaea),Mythological Greek Character,[],female,[],,,Mythological Greek Character,,,,
Q950523,Gorgophone,daughter of Perseus and Andromeda in Greek mythology,Mythological Greek Character,[],female,[],,,Mythological Greek Character,,,,
Q1077936,Gorgythion,mythical son of Priam,Mythological Greek Character,[],male,[],,,Mythological Greek Character,,,,
Q3303321,Graecus,mythological Greek character; son of Pandora II and Zeus,Mythological Greek Character,[],male,[],,,Mythological Greek Character,,,,
Q1187298,Gyges,"one of the Hundred-Handers, or hekatonkheires",Hecatoncheires,[],male,['Gyes'],,,Mythological Greek Character,Greek deity,Giants,Hecatoncheires,
Q41410,Hades,god of the underworld in Greek mythology,Greek deity,[],male,"['Plouton', 'Pluton', 'Pluto']",Hades,https://www.theoi.com/Khthonios/Haides.html,Mythological Greek Character,Greek deity,,,
Q733985,Haemon,"Greek mythical character, son of Creon",Mythological Greek Character,[],male,['Aemon'],,,Mythological Greek Character,,,,
Q1967929,Haemus,mythical son of Boreas,Mythological Greek Character,[],male,['Aemvs'],,,Mythological Greek Character,,,,
Q3611629,Halie,Greek nymph,Greek nymph,[],female,"['Halia of Rhodes', 'Halia']",,https://www.theoi.com/Nymphe/NympheHalia.html,Mythological Greek Character,Greek deity,Greek nymph,,
Q592348,Halirrhothius,son of Poseidon in Greek mythology,Mythological Greek Character,[],male,[],,,Mythological Greek Character,,,,
Q2915608,Halitherses,"seer in the Odyssey, son of Mastor",Mythological Greek Character,[],male,['Halitherses Mastorides'],,,Mythological Greek Character,,,,
Q978079,Harmonia,"ancient Greek goddess of harmony and concord, spouse of Cadmus; her opposite is Eris",Greek deity,['harmony'],female,"['Harmony', 'Concordia']",,https://www.theoi.com/Ouranios/Harmonia.html,Mythological Greek Character,Greek deity,,,
Q181360,harpies,half-human and half-bird personification of storm winds from Greek and Roman mythology generally depicted as birds with the heads of maidens,Mythological Greek Character,[],female,"['The Harpies', 'Harpies', 'harpy']",,,Mythological Greek Character,,,,
Q3200444,Harpina,"Naiad nymph, daughter of Phliasian Asopus and Metrope",Greek nymph,[],female,[],,https://www.theoi.com/Nymphe/NympheHarpina.html,Mythological Greek Character,Greek deity,Greek nymph,,
Q787492,Harpocrates,God-child in Egyptian mythology,Greek deity,[],male,"['Hor', 'Horus']",,https://www.theoi.com/Daimon/Harpokrates.html,Mythological Greek Character,Greek deity,,,
Q131125,Hebe,ancient Greek goddess of youth,Olympian god,[],female,"['Juventas', 'Iuventas']",,https://www.theoi.com/Ouranios/Hebe.html,Mythological Greek Character,Greek deity,Olympian god,,
Q1234213,Hecale,woman in Greek mythology,Mythological Greek Character,[],female,[],,,Mythological Greek Character,,,,
Q159666,Hector,prince of Troy in Greek mythology,Mythological Greek Character,[],male,"['Sigfrido', 'Siegfried', 'Sigurd']",,,Mythological Greek Character,,,,
Q193433,Hecuba,spouse of king Priam,Mythological Greek Character,[],female,['Hekuba'],,,Mythological Greek Character,,,,
Q2713107,Hedone,Greek divinity; personification of pleasure,Mythological Greek Character,"['fun', 'pleasure']",female,[],,https://www.theoi.com/Daimon/Hedone.html,Mythological Greek Character,,,,
Q1232483,Hegemone,"one of the Graces, at Athens",Mythological Greek Character,[],female,[],,,Mythological Greek Character,,,,
Q164061,Helen of Troy,daughter of Zeus in Greek mythology,Mythological Greek Character,[],female,"['Helen of Sparta', 'Helen of Argos', 'Helen']",,,Mythological Greek Character,,,,
Q729332,Helenus,mythical son of Priam,Mythological Greek Character,[],male,[],,,Mythological Greek Character,,,,
Q2317917,Helicaon,son of Antenor and Theano,Mythological Greek Character,[],male,[],,,Mythological Greek Character,,,,
Q134270,Helios,sun god in Greek mythology,Greek deity,['Sun'],male,"['Helius', 'Baal-hamon']",palace of Helios,https://www.theoi.com/Titan/Helios.html,Mythological Greek Character,Greek deity,,,
Q638578,Helle,Greek mythology character,Greek water deities,[],female,"['Athamantis', 'Ellie']",,https://www.theoi.com/Pontios/Helle.html,Mythological Greek Character,Greek deity,Greek water deities,,
Q336428,Hellen,mythological progenitor of the Hellenes,Mythological Greek Character,[],male,[],,,Mythological Greek Character,,,,
Q192107,Hemera,Ancient Greek goddess of the day,Greek deity,"['daylight', 'daytime']",female,['Dies'],,https://www.theoi.com/Protogenos/Hemera.html,Mythological Greek Character,Greek deity,,,
Q44384,Hephaestus,Greek god of blacksmiths,Greek deity,"['fire', 'volcano', 'forging']",male,"['Hephaestos', 'Vulcānus', 'Vulcan (mythology)', 'Molsiber', 'Junonigena', 'Iūnōnigena', 'Iunonigena', 'Mulciber', 'Volcanus', 'Hephaestus', 'Vulcan']",,https://www.theoi.com/Olympios/Hephaistos.html,Mythological Greek Character,Greek deity,,,
Q38012,Hera,"Greek goddess, wife and sister of Zeus",Olympian god,"['parturition', 'fertility', 'marriage', 'mother']",female,"['Iuno', 'Regina', 'Juno']",Olympus,https://www.theoi.com/Olympios/Hera.html,Mythological Greek Character,Greek deity,Olympian god,,
Q122248,Heracles,"divine hero in Greek mythology, son of Zeus and Alcmene",demigod of Greek mythology,[],male,"['Herakles', 'Alcides', 'Alcaeus', 'Hercules']",,https://www.theoi.com/greek-mythology/heracles.html,Mythological Greek Character,Greek deity,demigod of Greek mythology,,
Q2319713,Hermanubis,Greco-Egyptian divinity,Mythological Greek Character,[],male,[],,,Mythological Greek Character,,,,
Q204146,Hermaphroditus,son of Aphrodite and Hermes in Greek mythology,Greek deity,[],intersex,['Hermaphroditos'],,https://www.theoi.com/Ouranios/ErosHermaphroditos.html,Mythological Greek Character,Greek deity,,,
Q41484,Hermes,"Olympian god in Greek religion and mythology; the emissary and messenger of the gods; the god of trade, heraldry, merchants, commerce, roads, thieves, trickery, sports, travelers, and athletes; the son of Zeus and the Pleiad Maia",Olympian god,"['thief', 'traveler', 'trade']",male,"['Mercury (mythology)', 'Mercurius', 'Mercury']",,https://www.theoi.com/Olympios/Hermes.html,Mythological Greek Character,Greek deity,Olympian god,,
Q658523,Hermione,daughter of Menelaus and Helen of Troy,Mythological Greek Character,[],female,[],Sparta,,Mythological Greek Character,,,,
Q16641710,Herse,"Athenian princess, daughter of Cecrops",Mythological Greek Character,[],female,[],,,Mythological Greek Character,,,,
Q4137657,Hesione,daughter of Laomedon,Mythological Greek Character,[],female,[],,,Mythological Greek Character,,,,
Q41419,Hestia,Greek goddess,Olympian god,"['hearth', 'dwelling', 'baking', 'cooking', 'fire']",female,"['Εστία', 'ΕΣΤΙΑ', 'Histia', 'Vesta', 'Veſta']",Olympus,https://www.theoi.com/Ouranios/Hestia.html,Mythological Greek Character,Greek deity,Olympian god,,
Q1131939,Hicetaon,son of Laomedon of Troy,Mythological Greek Character,[],male,['Hiketaon'],,,Mythological Greek Character,,,,
Q1617512,Hieromneme,"character from Greek mythology, daughter of Simoeis",Greek water deities,[],female,[],,https://www.theoi.com/Nymphe/NympheHieromneme.html,Mythological Greek Character,Greek deity,Greek water deities,,
Q383960,Hilaeira,daughter of Leucippus in Greek mythology,Mythological Greek Character,[],female,[],,https://www.theoi.com/Ouranios/ApotheothenaLeukippides.html,Mythological Greek Character,,,,
Q764777,Himalia,Greek mythological character,Greek nymph,[],female,[],,https://www.theoi.com/Nymphe/NympheHimalia.html,Mythological Greek Character,Greek deity,Greek nymph,,
Q1425549,Himeros,"son of Ares and Aphrodite, represents sexual desire",Greek deity,[],male,['Himerus'],,https://www.theoi.com/Ouranios/ErosHimeros.html,Mythological Greek Character,Greek deity,,,
Q342279,Hippocoon,"king of Sparta, son of Oebalus",Mythological Greek Character,[],male,[],,,Mythological Greek Character,,,,
Q328354,Hippodamia,"Greek mythical character, daughter of Oenomaus and wife of Pelops",Mythological Greek Character,[],female,[],,,Mythological Greek Character,,,,
Q210303,Hippolyta,queen of the Amazons in Greek mythology,Mythological Greek Character,[],female,"['Hippolytë', 'Antiope']",,,Mythological Greek Character,,,,
Q338201,Hippolytus,son of Theseus in Greek mythology,Mythological Greek Character,[],male,['Hippolytos'],,,Mythological Greek Character,,,,
Q976463,Hippomedon,son of Talaus and one of Seven Against Thebes in Greek mythology,Mythological Greek Character,[],male,[],,,Mythological Greek Character,,,,
Q1455747,Hippomenes,"mythical character, challenger of Atalanta",Mythological Greek Character,[],male,['Melanion'],,,Mythological Greek Character,,,,
Q1498745,Hippothoe,Wikimedia disambiguation page,Greek water deities,[],,[],,,Mythological Greek Character,Greek deity,Greek water deities,,
Q1304531,Hippothoon,"mythological Greek character, son of Poseidon and Alope, king of Eleusis",Mythological Greek Character,[],male,"['Hippothoos', 'Hippothous']",,,Mythological Greek Character,,,,
Q175450,Horkos,personifies the curse that will be inflicted on any person who swears a false oath in Greek mythology,Mythological Greek Character,[],male organism,"['Jusjurandum', 'Horcus', 'Horkos']",,https://www.theoi.com/Daimon/Horkos.html,Mythological Greek Character,,,,
Q207273,Hyacinth,"mythological prince, loved by Apollo",Mythological Greek Character,[],male,"['Oebalides', 'Hyacinthos', 'Hyacinthus']",,https://www.theoi.com/Heros/Hyakinthos.html,Mythological Greek Character,,,,
Q1639787,Hyas,son of Atlas in Greek mythology,Mythological Greek Character,[],male,[],,https://www.theoi.com/Titan/Hyas.html,Mythological Greek Character,,,,
Q170379,Hydra,"ancient serpent-like chthonic water monster, with reptilian traits, that possessed many heads, in Greek mythology",Mythological Greek Character,[],female organism,"['The Lernean Hydra', 'Lernean Hydra', 'Lernæan Hydra', 'Lernaean Hydra']",,https://www.theoi.com/Ther/DrakonHydra.html,Mythological Greek Character,,,,
Q202257,Hygieia,"goddess in Greek mythology, personification of health",Greek deity,['health'],female,"['Hygiea', 'Hygeia', 'Salus publica', 'Salus populi Romani', 'Salus']",,https://www.theoi.com/Ouranios/AsklepiasHygeia.html,Mythological Greek Character,Greek deity,,,
Q332752,Hylas,"mythical character, companion of Heracles abducted by nymphs",Mythological Greek Character,[],male,[],,,Mythological Greek Character,,,,
Q847268,Hyllus,son of Heracles and Deianira in Greek mythology,Mythological Greek Character,[],male,"['Hyllas', 'Hyllos', 'Hyllus']",,,Mythological Greek Character,,,,
Q391070,Hylonome,centauride in Greek mythology,centaur,[],female,[],,https://www.theoi.com/Georgikos/KentaurisHylonome.html,Mythological Greek Character,centaur,,,
Q506770,Hymen,Greek god of marriage ceremonies,Greek deity,['marriage'],male,['Hymen'],,https://www.theoi.com/Ouranios/ErosHymenaios.html,Mythological Greek Character,Greek deity,,,
Q179209,Hyperion,Titan in Greek mythology,titan,[],male,[],,https://www.theoi.com/Titan/TitanHyperion.html,Mythological Greek Character,Greek deity,titan,,
Q472784,Hypermnestra,daughter of Danaus in Greek mythology,Mythological Greek Character,[],female,[],,,Mythological Greek Character,,,,
Q189347,Hypnos,personification of sleep in Greek mythology,Greek deity,['sleep'],male,['Somnus'],,https://www.theoi.com/Daimon/Hypnos.html,Mythological Greek Character,Greek deity,,,
Q1179038,Hypseus,king of Lapiths,Mythological Greek Character,[],male,[],,,Mythological Greek Character,,,,
Q775296,Hypsipyle,"queen of Lemnos, granddaughter of Ariadne and Dionysos in Greek mythology",Mythological Greek Character,[],female,[],,,Mythological Greek Character,,,,
Q1817912,Hyrieus,king in Greek mythology,Mythological Greek Character,[],male,['Ephoceus'],,,Mythological Greek Character,,,,
Q830706,Hyrnetho,daughter of Temenus in Greek mythology,Mythological Greek Character,[],female,[],,,Mythological Greek Character,,,,
Q1539642,Hyrtacus,character in Greek mythology,Mythological Greek Character,[],male,[],,,Mythological Greek Character,,,,
Q690603,Iacchus,minor deity in connection with the Eleusinian mysteries,Greek deity,[],male,['Iachus'],,https://www.theoi.com/Georgikos/EleusiniosIakkhos.html,Mythological Greek Character,Greek deity,,,
Q1655397,Ialmenus,mythical son of Ares,Mythological Greek Character,[],male,['Almenvs'],,,Mythological Greek Character,,,,
Q1790716,Iambe,Thracian mythological character who entertained Demeter,Mythological Greek Character,[],female,[],,,Mythological Greek Character,,,,
Q1655431,Iamus,son of Evadne in Greek mythology,Mythological Greek Character,[],male,[],,,Mythological Greek Character,,,,
Q179543,Iapetos,Titan in Greek mythology,titan,[],male,['Iapetus'],,https://www.theoi.com/Titan/TitanIapetos.html,Mythological Greek Character,Greek deity,titan,,
Q1180888,Iapyx,"mythical character in the Aeneid, son of Iasus",Mythological Greek Character,[],male,[],,,Mythological Greek Character,,,,
Q849438,Iasion,mythical lover of Demeter,Mythological Greek Character,[],male,['Eetion'],,https://www.theoi.com/Georgikos/Iasion.html,Mythological Greek Character,,,,
Q453201,Iaso,Greek goddess of recuperation from illness,Mythological Greek Character,[],female,[],,https://www.theoi.com/Ouranios/AsklepiasIaso.html,Mythological Greek Character,,,,
Q1132071,Iasus,mythical king of Argos,Mythological Greek Character,[],male,['Iasos'],,,Mythological Greek Character,,,,
Q608800,Icarius of Athens,mythical introducer of wine,Mythological Greek Character,[],male,['Icarus of Athens'],,https://www.theoi.com/Heros/Ikarios.html,Mythological Greek Character,,,,
Q1658054,Icarius of Sparta,father of Penelope,Mythological Greek Character,[],male,['Icarios'],,,Mythological Greek Character,,,,
Q34041,Icarus,"Greek mythological figure, son of Daedalus",Mythological Greek Character,[],male,"['Icaros', 'Ikaros', 'Ikarus']",,,Mythological Greek Character,,,,
Q2007963,Idaea,Greek nymph,Greek nymph,[],female,"['Ide', 'Ida']",,https://www.theoi.com/Nymphe/NympheIdaia.html,Mythological Greek Character,Greek deity,Greek nymph,,
Q1136130,Idas,"son of Aphareus, husband of Marpessa, argonaut in Greek mythology",Mythological Greek Character,[],male,[],,,Mythological Greek Character,,,,
Q748144,Idmon,son of Abas in Greek mythology,Mythological Greek Character,[],male,[],,,Mythological Greek Character,,,,
Q570434,Idomeneus,"Greek mythical character, King of Crete",Mythological Greek Character,[],male,[],,,Mythological Greek Character,,,,
Q1658551,Ilione,daughter of Priam in Greek mythology,Mythological Greek Character,[],female,[],,,Mythological Greek Character,,,,
Q1258941,Illyrius,son of Polyphemus in Greek mythology,Mythological Greek Character,[],male,[],,,Mythological Greek Character,,,,
Q1495743,Ilus,"son of Tros in Greek mythology, mythological founder of Troy",Mythological Greek Character,[],male,[],,,Mythological Greek Character,,,,
Q735623,Inachus,river deity and king of the Argolid,Potamoi,['Inachos'],male,['Inachos'],,https://www.theoi.com/Potamos/PotamosInakhos.html,Mythological Greek Character,Greek deity,Greek water deities,Potamoi,
Q223690,Ino,queen in Greek mythology,Mythological Greek Character,[],female,"['Leucothea', 'Leucothoe']",,,Mythological Greek Character,,,,
Q179014,Io,nymph seduced by Zeus in Greek mythology,Greek nymph,[],female,['Phoronis'],,,Mythological Greek Character,Greek deity,Greek nymph,,
Q1456409,Iobates,"character in Greek mythology, Lycian king",Mythological Greek Character,[],male,['Amphianax'],,,Mythological Greek Character,,,,
Q504076,Iolaos,nephew of Heracles in Greek mythology,Mythological Greek Character,[],male,"['Iolaus', 'Sapphire']",,,Mythological Greek Character,,,,
Q744147,Iole,mythical daughter of Eurytus,Mythological Greek Character,[],female,[],,,Mythological Greek Character,,,,
Q853462,Ion son of Xuthus,mythical son of Apollo,Mythological Greek Character,[],male,['Ion'],,,Mythological Greek Character,,,,
Q738862,Iphicles,son of Amphitryon in Greek mythology,Mythological Greek Character,[],male,[],,,Mythological Greek Character,,,,
Q1525379,Iphiclus,mythical son of Phylacus,Mythological Greek Character,[],male,['Iphiklos'],,,Mythological Greek Character,,,,
Q192673,Iphigenia,daughter of Agamemnon in Greek mythology,Mythological Greek Character,[],female,['Iphianassa'],,,Mythological Greek Character,,,,
Q1672201,Iphimedeia,daughter of Triopas in Greek mythology,Mythological Greek Character,[],female,[],,,Mythological Greek Character,,,,
Q1889919,Iphis,daughter of Ligdus,Mythological Greek Character,[],trans man,[],,,Mythological Greek Character,,,,
Q1672196,Iphitos,"the son of Eurytus, king of Oechalia",Mythological Greek Character,[],male,['Iphitus of Oechalia'],,,Mythological Greek Character,,,,
Q184570,Iris,the personification of the rainbow in ancient Greek religion and mythology,Greek deity,[],female,[],,https://www.theoi.com/Pontios/Iris.html,Mythological Greek Character,Greek deity,,,
Q753902,Ismene,mythological princess of Thebes,Mythological Greek Character,[],female,"['Ισμήνη', 'Ismenë']",,,Mythological Greek Character,,,,
Q2722978,Italus,mythical eponym of Italy,Mythological Greek Character,[],male,[],,,Mythological Greek Character,,,,
Q4205332,Itonus,son of Amphictyon,Mythological Greek Character,[],male,"['Itonius', 'Itonios', 'Itonus']",,,Mythological Greek Character,,,,
Q1675357,Itylus,son of Zethos in Greek mythology,Mythological Greek Character,[],male,[],,,Mythological Greek Character,,,,
Q1675360,Itys,mythical son of Tereus,Mythological Greek Character,[],male,[],,,Mythological Greek Character,,,,
Q271891,Ixion,king of the Lapiths in Greek mythology,Mythological Greek Character,[],male,[],,,Mythological Greek Character,,,,
Q1676112,Iynx,arcadian nymph – daughter of Pan and Echo,Mythological Greek Character,[],female,[],,https://www.theoi.com/Nymphe/NympheIynx.html,Mythological Greek Character,,,,
Q176758,Jason,"Greek mythological hero, son of Aeson",Mythological Greek Character,[],male,['Iason'],,,Mythological Greek Character,,,,
Q131445,Jocasta,mythological queen of Thebes,Mythological Greek Character,[],female,"['Iokaste', 'Iokasta', 'Iocaste', 'Jocaste', 'Epicaste']",,,Mythological Greek Character,,,,
Q2642812,Karpos,son of Zephyrus in Greek mythology,Mythological Greek Character,[],male,[],,,Mythological Greek Character,,,,
Q655184,Kebriones,son of Priam in Greek mythology,Mythological Greek Character,[],male,[],,,Mythological Greek Character,,,,
Q836792,Klymene,Oceanid in Greek mythology,Greek nymph,[],female,['Clymene'],,https://www.theoi.com/Nymphe/NympheKlymene.html,Mythological Greek Character,Greek deity,Greek nymph,,
Q334447,Kratos,God from Greek mythology,Greek deity,['power'],male,"['Cratus', 'Cratos', 'Potestas']",,https://www.theoi.com/Daimon/Kratos.html,Mythological Greek Character,Greek deity,,,
Q192136,Kreios,Titan in Greek mythology,titan,[],male,"['Crius', 'Krios']",,https://www.theoi.com/Titan/TitanKrios.html,Mythological Greek Character,Greek deity,titan,,
Q636428,Kydoimos,personification of the noise of battle in ancient Greece,daemon,[],male,['Cydoemu'],,https://www.theoi.com/Daimon/Kydoimos.html,Mythological Greek Character,Greek deity,daemon,,
Q847005,Labdacus,mythological king of Thebes,Mythological Greek Character,[],male,[],,,Mythological Greek Character,,,,
Q1433820,Labotas,mythical king of Sparta,Mythological Greek Character,[],male,[],,,Mythological Greek Character,,,,
Q1065774,Lacedaemon,mythical king of Sparta,Mythological Greek Character,[],male,[],,,Mythological Greek Character,,,,
Q898947,Lachesis,one of the Fates of Greek Mythology,Greek deity,[],female,['Lakhesis'],,,Mythological Greek Character,Greek deity,,,
Q274600,Ladon,Greek mythological serpent,Mythological Greek Character,[],male organism,"['Hesperian Dragon', 'Drakôn Hesperios']",,https://www.theoi.com/Ther/DrakonHesperios.html,Mythological Greek Character,,,,
Q748296,Laertes,legendary king of Ithaca,Mythological Greek Character,[],male,[],,,Mythological Greek Character,,,,
Q463898,Laius,mythological king of Thebes,Mythological Greek Character,[],male,[],,,Mythological Greek Character,,,,
Q200073,Lamia,daughter of Poseidon in Greek mythology,Mythological Greek Character,[],female,"['Lamiae', 'Lilith']",,https://www.theoi.com/Ther/Lamia.html,Mythological Greek Character,,,,
Q1638536,Lampetia,daughter of Helius in Greek myth,Greek nymph,[],female,['Lampeto'],,https://www.theoi.com/Nymphe/NymphaiNeaireides.html,Mythological Greek Character,Greek deity,Greek nymph,,
Q22878,Laocoön,son of Acoetes in Greek mythology,Mythological Greek Character,[],male,['Laocöon'],,,Mythological Greek Character,,,,
Q765456,Laodamas,son of Eteocles in Greek mythology,Mythological Greek Character,[],male,[],,,Mythological Greek Character,,,,
Q754476,Laodamia,"Greek mythology character, wife of Protesilaus",Mythological Greek Character,[],female,['Laodameia'],,,Mythological Greek Character,,,,
Q332324,Laomedon,"Trojan king, son of Ilus",Mythological Greek Character,[],male,[],,,Mythological Greek Character,,,,
Q1805777,Lapithes,Son of Apollon,Mythological Greek Character,[],male,[],,,Mythological Greek Character,,,,
Q1275070,Larissa,daughter of Pelasgus in Greek mythology,Greek nymph,[],female,['Larisa'],,,Mythological Greek Character,Greek deity,Greek nymph,,
Q779406,Latinus,king in Greek and Roman mythology,Mythological Greek Character,[],male,[],,,Mythological Greek Character,,,,
Q1462644,Learchus,son of Athamas in Greek mythology,Mythological Greek Character,[],male,['Clearchus'],,,Mythological Greek Character,,,,
Q182019,Leda,daughter of Thestius in Greek mythology,Mythological Greek Character,[],female,['Lada'],,https://www.theoi.com/Heroine/Leda.html,Mythological Greek Character,,,,
Q2393201,Leipephilene,"figure in Greek mythology,  daughter of Iolaus and Megara",Mythological Greek Character,[],female,[],,,Mythological Greek Character,,,,
Q2194100,Leitus,mythical son of Alector,Mythological Greek Character,[],male,[],,,Mythological Greek Character,,,,
Q3270327,Lelantos,"minor character in the Dionysiaca, father of Aura",titan,[],male,['Lelantus'],,https://www.theoi.com/Titan/TitanLelantos.html,Mythological Greek Character,Greek deity,titan,,
Q1419059,Lelex,king of Laconia,Mythological Greek Character,[],male,[],,,Mythological Greek Character,,,,
Q440230,Leon of Sparta,legendary king of Sparta,Mythological Greek Character,[],male,[],,,Mythological Greek Character,,,,
Q1819543,Leonteus,"Lapith king, son of Coronus",Mythological Greek Character,[],male,[],,,Mythological Greek Character,,,,
Q161096,Lethe,river of forgetfulness in the Greek underworld,Potamoi,[],female,['Lemosyne'],,https://www.theoi.com/Daimon/Lethe.html,Mythological Greek Character,Greek deity,Greek water deities,Potamoi,
Q103107,Leto,Greek mythological figure and mother of Apollo and Artemis,titan,[],female,['Latona'],,https://www.theoi.com/Titan/TitanisLeto.html,Mythological Greek Character,Greek deity,titan,,
Q582643,Leuce,Greek nymph,Greek nymph,[],female,['Leuke'],,https://www.theoi.com/Nymphe/NympheLeuke.html,Mythological Greek Character,Greek deity,Greek nymph,,
Q2316900,Leucippus,son of Perieres and father of the Leucippides,Mythological Greek Character,[],male,[],,,Mythological Greek Character,,,,
Q339980,Leucothoë,daughter of Orchamus in Greek mythology,Mythological Greek Character,[],female,[],,,Mythological Greek Character,,,,
Q1129914,Libya,goddess in Roman and Greek mythology,Mythological Greek Character,[],female,[],,,Mythological Greek Character,,,,
Q922330,Lichas,"mythical character, servant of Heracles",Mythological Greek Character,[],male,[],,,Mythological Greek Character,,,,
Q2335647,Licymnius,son of Electryon in Greek mythology,Mythological Greek Character,[],male,[],,,Mythological Greek Character,,,,
Q10514702,Limos,personification of famine in Greek mythology,Greek deity,[],female,['Fames'],,https://www.theoi.com/Daimon/Limos.html,Mythological Greek Character,Greek deity,,,
Q647496,Linus,son of Apollo and Urania,Mythological Greek Character,[],male,"['Oetolinus', 'Linos', 'Linus']",,,Mythological Greek Character,,,,
Q1815682,Liriope,"water nymph, mother of Narcissus",naiad,[],female,[],,https://www.theoi.com/Nymphe/NympheLiriope.html,Mythological Greek Character,Greek deity,Greek nymph,naiad,
Q2465677,Lotis,nymph in Greek mythology,naiad,[],female,[],,https://www.theoi.com/Nymphe/NympheLotis.html,Mythological Greek Character,Greek deity,Greek nymph,naiad,
Q501667,Lycaon,"Greek mythical character, king of Arcadia, son of Pelasgus and Meliboea",autochthonos,[],male,['Lykaon'],,https://www.theoi.com/Heros/Lykaon.html,Mythological Greek Character,autochthonos,,,
Q1330532,Lycomedes,king of Scyros in Greek mythology,Mythological Greek Character,[],male,[],,,Mythological Greek Character,,,,
Q609650,Lycurgus of Arcadia,son of Aleus in Greek mythology,Mythological Greek Character,[],male,[],,,Mythological Greek Character,,,,
Q368157,Lycurgus of Nemea,mythical character,Mythological Greek Character,[],male,[],,,Mythological Greek Character,,,,
Q211326,Lycurgus of Sparta,legislator of Sparta,Mythological Greek Character,[],male,['Lycurgus'],,,Mythological Greek Character,,,,
Q1047047,Lycus,"Greek mythical character, brother of Nycteus and king of Thebes",Mythological Greek Character,[],male,[],,,Mythological Greek Character,,,,
Q887785,Lydus,ancient Greek king of Maeonia,Mythological Greek Character,[],male,[],,,Mythological Greek Character,,,,
Q1124866,Lynceus,"mythical brother of Ida, son of Aphareus",Mythological Greek Character,[],male,[],,,Mythological Greek Character,,,,
Q1244430,Lysithea,Oceanid of Greek mythology,Okeanid,[],female,[],,,Mythological Greek Character,Greek deity,Greek water deities,Oceanids,Okeanid
Q1084868,Lyssa,Greek spirit of mad rage and frenzy,Greek deity,['insanity'],female,[],,https://www.theoi.com/Daimon/Lyssa.html,Mythological Greek Character,Greek deity,,,
Q6817243,Macareus,son of Helios and king of Lesbos,Mythological Greek Character,[],male,"['Macar', 'Makar', 'Macareus of Lesbos']",,,Mythological Greek Character,,,,
Q1550960,Macaria,daughter of Heracles in Greek mythology,Mythological Greek Character,[],female,[],,,Mythological Greek Character,,,,
Q674319,Machaon,mythical Greek healer hero,Mythological Greek Character,[],male,[],,,Mythological Greek Character,,,,
Q1301614,Macris,daughter of Aristaeus in Greek mythology,Greek nymph,[],female,[],,https://www.theoi.com/Nymphe/NympheMakris.html,Mythological Greek Character,Greek deity,Greek nymph,,
Q1250023,Maera,mythical dog of Icarius of Attica,Mythological Greek Character,[],female organism,[],,,Mythological Greek Character,,,,
Q1884324,Magnes son of Aeolus,mythical king of Magnesia,Mythological Greek Character,[],male,[],,,Mythological Greek Character,,,,
Q205233,Maia,Pleiad and mother of Hermes,Pleiades,[],female,[],,https://www.theoi.com/Nymphe/NympheMaia.html,Mythological Greek Character,Greek deity,Greek nymph,Pleiades,
Q3043953,Makedon,mythical forefather of the Macedonians,Mythological Greek Character,[],male,['Macedon'],,,Mythological Greek Character,,,,
Q2631851,Manes,king of Maeonia,Mythological Greek Character,[],male,[],,,Mythological Greek Character,,,,
Q1632703,Mantius,son of Melampus in Greek mythology,Mythological Greek Character,[],male,[],,,Mythological Greek Character,,,,
Q1332949,Manto,mythical daughter of Teiresias,Mythological Greek Character,[],female,[],,,Mythological Greek Character,,,,
Q935885,Maris,Etruscan deity,Greek deity,[],female,[],,,Mythological Greek Character,Greek deity,,,
Q149792,Maron,mythical son of Euanthes,Mythological Greek Character,[],male,[],,https://www.theoi.com/Georgikos/SeilenosMaron.html,Mythological Greek Character,,,,
Q932325,Marpessa,mythical daughter of Euenus,Mythological Greek Character,[],female,[],,,Mythological Greek Character,,,,
Q599737,Marsyas,satyr musician in Greek mythology,satyr,[],male,[],,https://www.theoi.com/Georgikos/SatyrosMarsyas.html,Mythological Greek Character,satyr,,,
Q1787973,Meander,Greek god of the Meander river in Caria,Potamoi,['Great Menderes River'],male,['Maeandros'],,https://www.theoi.com/Potamos/PotamosMaiandros.html,Mythological Greek Character,Greek deity,Greek water deities,Potamoi,
Q1968413,Mecisteus,son of Talaus and Lysimache in ancient Greek mythology,Mythological Greek Character,[],male,[],,,Mythological Greek Character,,,,
Q174278,Medea,daughter of King Aeëtes of Colchis in Greek mythology,Mythological Greek Character,[],female,[],,,Mythological Greek Character,,,,
Q1463103,Medon,mythical son of Codrus of Athens,Mythological Greek Character,[],male,[],,,Mythological Greek Character,,,,
Q1851846,Medus,son of Medea with either Aegeas or Jason,Mythological Greek Character,[],male,[],,,Mythological Greek Character,,,,
Q160730,Medusa,"in Greek mythology, one of the three Gorgons, described as a woman with snakes in place of hair, beheaded by Perseus",Mythological Greek Character,[],female,[],,,Mythological Greek Character,,,,
Q371545,Megaera,one of the Erinyes or Furies,Mythological Greek Character,[],female,[],,https://www.theoi.com/Khthonios/Erinyes.html,Mythological Greek Character,,,,
Q27949366,Megapenthes,"figure in Greek mythology, son of Proetus, king of Argos",Mythological Greek Character,[],male,[],,,Mythological Greek Character,,,,
Q929768,Megara,mythical wife of Heracles and daughter of Creon,Mythological Greek Character,[],female,[],,,Mythological Greek Character,,,,
Q247446,Megareus of Onchestus,mythical son of Poseidon,Mythological Greek Character,[],male,[],,,Mythological Greek Character,,,,
Q2300199,Meges,mythical son of Phyleus,Mythological Greek Character,[],male,['Phyleides'],,https://www.theoi.com/Heros/Meges.html,Mythological Greek Character,,,,
Q602258,Melampus,mythical king of Argos,Mythological Greek Character,[],male,[],,,Mythological Greek Character,,,,
Q1299128,Melanthius,Odyssey character,Mythological Greek Character,[],male,[],,,Mythological Greek Character,,,,
Q1862383,Melantho,daughter of Dolius in Greek mythology,Mythological Greek Character,[],female,[],,,Mythological Greek Character,,,,
Q1255043,Melanthus,son of Andropompus in Greek mythology,Mythological Greek Character,[],male,[],,,Mythological Greek Character,,,,
Q321541,Meleager,son of Oeneus in Greek mythology,Mythological Greek Character,[],male,[],,,Mythological Greek Character,,,,
Q505207,Melete,one of the three original Boeotian Muses in Greek mythology,Mythological Greek Character,[],female,[],,,Mythological Greek Character,,,,
Q1414119,Melia,"nymph in Greek mythology, consort of Poseidon",Mythological Greek Character,[],female,[],,https://www.theoi.com/Nymphe/NympheMelia4.html,Mythological Greek Character,,,,
Q738007,Melicertes,Greek mythological figure,Greek water deities,[],male,"['Palaemon', 'Palaimon']",,https://www.theoi.com/Pontios/Palaimon.html,Mythological Greek Character,Greek deity,Greek water deities,,
Q3178796,Melinoe,ancient Greek goddess of propitiation,Greek deity,['nightmare'],female,[],,https://www.theoi.com/Khthonios/Melinoe.html,Mythological Greek Character,Greek deity,,,
Q1919444,Melissus of Crete,Greek mythological character,Mythological Greek Character,[],male,[],,https://www.theoi.com/Georgikos/KoureteMelisseus.html,Mythological Greek Character,,,,
Q16933131,Melite,naiad of Greek mythology,naiad,[],female,[],,https://www.theoi.com/Nymphe/NympheMelite.html,Mythological Greek Character,Greek deity,Greek nymph,naiad,
Q103992,Melpomene,Greek muse of tragedy,Mythological Greek Character,[],female,[],,https://www.theoi.com/Ouranios/MousaMelpomene.html,Mythological Greek Character,,,,
Q506781,Memnon,mythical Ethiopian king,Mythological Greek Character,[],male,['Ismandes'],,,Mythological Greek Character,,,,
Q788268,Memphis,mythological daughter of Nilus,Mythological Greek Character,[],female,[],,https://www.theoi.com/Nymphe/NympheMemphis.html,Mythological Greek Character,,,,
Q171839,Menelaus,"mythical king of Sparta, husband of Helen of Troy",Mythological Greek Character,[],male,[],,,Mythological Greek Character,,,,
Q781867,Menestheus,mythical king of Athens,Mythological Greek Character,[],male,[],,,Mythological Greek Character,,,,
Q1178176,Menoeceus,"mythical character, father of Creon",Mythological Greek Character,[],male,[],,,Mythological Greek Character,,,,
Q8140979,Menoetius,Titan in Greek mythology,titan,[],male,[],,,Mythological Greek Character,Greek deity,titan,,
Q214003,Mentor,"mythical son of Alcimus, in the Odyssey",Mythological Greek Character,[],male,[],,,Mythological Greek Character,,,,
Q367819,Meriones,mythical son of Molus of Crete,Mythological Greek Character,[],male,[],,,Mythological Greek Character,,,,
Q735518,Merope,one of the Pleiades in Greek mythology: wife of Sisyphus,Pleiades,[],female,[],,https://www.theoi.com/Nymphe/NympheMerope.html,Mythological Greek Character,Greek deity,Greek nymph,Pleiades,
Q1924155,Messene,mythical daughter of Triopas,Mythological Greek Character,[],female,[],,,Mythological Greek Character,,,,
Q2290455,Mestra,mythical daughter of Erysichthon,Mythological Greek Character,[],female,[],,,Mythological Greek Character,,,,
Q1469456,Metanira,mythical character,Mythological Greek Character,[],female,['Neaera'],,,Mythological Greek Character,,,,
Q591842,Metion,son of Erechtheus,Mythological Greek Character,[],male,[],,,Mythological Greek Character,,,,
Q190565,Metis,Oceanid of Greek mythology,Okeanid,['wisdom'],female,[],,https://www.theoi.com/Titan/TitanisMetis.html,Mythological Greek Character,Greek deity,Greek water deities,Oceanids,Okeanid
Q1237258,Metope,nymph,naiad,[],female,[],,https://www.theoi.com/Nymphe/NympheMetope.html,Mythological Greek Character,Greek deity,Greek nymph,naiad,
Q308398,Midas,king with the power to turn whatever he touches to gold,Mythological Greek Character,[],male,"['Midacritus', 'Mita']",,https://www.theoi.com/Heros/Midas.html,Mythological Greek Character,,,,
Q2470261,Miletus,mythical founder of Miletus,Mythological Greek Character,[],male,['Miletos'],,,Mythological Greek Character,,,,
Q1045732,Mimas,giant (Greek mythology),Giants,[],male,[],,,Mythological Greek Character,Greek deity,Giants,,
Q23168,Minos,"Greek mythology character, son of Zeus and Europa, king of Crete",Mythological Greek Character,[],male,['Minos II'],,,Mythological Greek Character,,,,
Q129866,Minotaur,creature of Greek mythology,Mythological Greek Character,[],male,['Asterion'],Labyrinth of Knossos,https://www.theoi.com/Ther/Minotauros.html,Mythological Greek Character,,,,
Q1546353,Minthe,"water nymph, consort of Hades",Greek nymph,[],female,"['Mintha', 'Menthe', 'Mint', 'Mentha']",,https://www.theoi.com/Nymphe/NympheMinthe.html,Mythological Greek Character,Greek deity,Greek nymph,,
Q1466343,Minyas,mythical king of Orchomenus,Mythological Greek Character,[],male,[],,,Mythological Greek Character,,,,
Q1777717,Misenus,figure from Greco-Roman mythology,Mythological Greek Character,[],male,[],,,Mythological Greek Character,,,,
Q690388,Mneme,one of the three original Boeotian Muses in Greek mythology,Mythological Greek Character,[],female,[],,,Mythological Greek Character,,,,
Q102884,Mnemosyne,personification of memory in Greek mythology,titan,['memory'],female,['Mnemosynë'],,https://www.theoi.com/Titan/TitanisMnemosyne.html,Mythological Greek Character,Greek deity,titan,,
Q2622614,Molossus,mythical son of Pyrrus,Mythological Greek Character,[],male,[],,,Mythological Greek Character,,,,
Q465518,Momus,the personification of satire and mockery in Greek mythology,Greek deity,[],male,[],,https://www.theoi.com/Daimon/Momos.html,Mythological Greek Character,Greek deity,,,
Q492938,Mopsus,"seer in Greek mythology, son of Ampyx",Mythological Greek Character,[],male,[],,,Mythological Greek Character,,,,
Q528869,Mormo,mythical character,Mythological Greek Character,[],female,['Mormolykeia'],,,Mythological Greek Character,,,,
Q1065802,Moros,Greek spirit of doom,Greek deity,[],male,['Morus'],,https://www.theoi.com/Daimon/Moros.html,Mythological Greek Character,Greek deity,,,
Q194012,Morpheus,Greek deity associated with sleep and dreams,Greek deity,['dream'],male,[],,https://www.theoi.com/Daimon/OneirosMorpheus.html,Mythological Greek Character,Greek deity,,,
Q1956649,Myles,Ancient King of Laconia in Greek mythology,Mythological Greek Character,[],male,[],,,Mythological Greek Character,,,,
Q2445677,Myrmidon,"Greek mythical character, eponymous ancestor of the Myrmidons",Mythological Greek Character,[],male,[],,,Mythological Greek Character,,,,
Q771366,Myrrha,daughter of Cinyras in Greek mythology,Mythological Greek Character,[],female,['Smyrna'],,,Mythological Greek Character,,,,
Q615912,Myrtilus,son of Hermes in Greek mythology,Mythological Greek Character,[],male,[],,,Mythological Greek Character,,,,
Q761106,Nana,daughter of the Phrygian river-god Sangarius in Greek mythology,Greek nymph,[],female,[],,https://www.theoi.com/Nymphe/NympheNana.html,Mythological Greek Character,Greek deity,Greek nymph,,
Q179256,Narcissus,hunter in Greek mythology,Mythological Greek Character,[],male,[],,https://www.theoi.com/Heros/Narkissos.html,Mythological Greek Character,,,,
Q833826,Nauplius,"king of Nauplia, son of Poseidon in Greek mythology",Mythological Greek Character,[],male,['Nauplius I'],,,Mythological Greek Character,,,,
Q135224,Nausicaa,daughter of Alcinous in Greek mythology,Mythological Greek Character,[],female,"['Nausicaä', 'Nausikaa']",,,Mythological Greek Character,,,,
Q80493,Nausithous,son of Poseidon in Greek mythology,Mythological Greek Character,[],male,[],,,Mythological Greek Character,,,,
Q3289828,Neikea,personifications of querrels in Greek mythology,Greek deity,[],female,[],,https://www.theoi.com/Daimon/Neikea.html,Mythological Greek Character,Greek deity,,,
Q637955,Neleus,mythical son of Poseidon or Cretheus and father of Nestor,Mythological Greek Character,[],male,[],,,Mythological Greek Character,,,,
Q199438,Nemean lion,the lion killed by Hercules,Mythological Greek Character,[],male organism,[],Nemea,https://www.theoi.com/Ther/LeonNemeios.html,Mythological Greek Character,,,,
Q185747,Nemesis,goddess of Greek mythology,Okeanid,['punishment'],female,"['Astræa', 'Astrea', 'Astraea']",,https://www.theoi.com/Daimon/Nemesis.html,Mythological Greek Character,Greek deity,Greek water deities,Oceanids,Okeanid
Q322639,Neoptolemus,son of Achilles,Mythological Greek Character,[],male,"['Pyrrus', 'Pyrros', 'Pyrrhus']",,,Mythological Greek Character,,,,
Q624551,Nephele,"cloud goddess, wife of Athamas and mother of Phrixus and Helle",Greek nymph,[],female,"['Nebula', 'Nephele']",,https://www.theoi.com/Nymphe/NympheNephele2.html,Mythological Greek Character,Greek deity,Greek nymph,,
Q189527,Nereus,sea god of Greek mythology,Greek water deities,[],male,['Old Man of the Sea'],,https://www.theoi.com/Pontios/Nereus.html,Mythological Greek Character,Greek deity,Greek water deities,,
Q3564989,Nerites,Greek deity,Greek water deities,[],male,[],,https://www.theoi.com/Pontios/Nerites.html,Mythological Greek Character,Greek deity,Greek water deities,,
Q466866,Nessus,centaur in Greek mythology,centaur,[],,[],,https://www.theoi.com/Georgikos/KentaurosNessos.html,Mythological Greek Character,centaur,,,
Q193267,Nestor,"wise ruler of Pylos in Greek mythology, son of Neleus",Mythological Greek Character,[],male,[],,,Mythological Greek Character,,,,
Q844313,Nicaea,daughter of Sangarius in Greek mythology,Mythological Greek Character,[],female,[],,https://www.theoi.com/Nymphe/NympheNikaia.html,Mythological Greek Character,,,,
Q165023,Nike,goddess of victory in Greek mythology,allegorical Greek deity,[],female,"['Winged Nike', 'Diva Victoria', 'Winged Victory', 'Victory', 'Victoria']",,https://www.theoi.com/Daimon/Nike.html,Mythological Greek Character,Greek deity,allegorical Greek deity,,
Q685243,Nilus,"god of the Nile river in Greek mythology, son of Oceanus and Tethys",Potamoi,['Nile'],male,['Nile'],,https://www.theoi.com/Potamos/PotamosNeilos.html,Mythological Greek Character,Greek deity,Greek water deities,Potamoi,
Q1152356,Ninus,mythical founder of Nineveh,Mythological Greek Character,[],male,['Ninos'],,,Mythological Greek Character,,,,
Q213621,Niobe,"mythological figure, daughter of Tantalus",Mythological Greek Character,[],female,[],,,Mythological Greek Character,,,,
Q1671771,Nireus,king in Greek mythology,Mythological Greek Character,[],male,[],,,Mythological Greek Character,,,,
Q1136201,Nisos,King of Megara in Greek mythology,Mythological Greek Character,[],male,[],,,Mythological Greek Character,,,,
Q2661436,Norax,son of Hermes in Greek mythology,Mythological Greek Character,[],male,[],,,Mythological Greek Character,,,,
Q903273,Notus,"god of the south wind, storms of late summer and early autumn, wetness, mist, and rain in Greek mythology",Anemoi,['south wind'],male,"['Notos', 'Auster']",,https://www.theoi.com/Titan/AnemosNotos.html,Mythological Greek Character,Greek deity,Anemoi,,
Q741155,Nycteus,king of Thebes,Mythological Greek Character,[],male,[],,,Mythological Greek Character,,,,
Q2409327,Nyctimene,daughter of Epopeus in Greek mythology,Mythological Greek Character,[],female,[],,,Mythological Greek Character,,,,
Q2599183,Nyctimus,youngest or oldest of the 50 sons of Lycaon,Mythological Greek Character,[],male,[],,,Mythological Greek Character,,,,
Q131203,Nyx,Greek goddess of the night,Greek primordial deity,['night'],female,"['Nott', 'Nótt']",,https://www.theoi.com/Protogenos/Nyx.html,Mythological Greek Character,Greek deity,Greek primordial deity,,
Q161419,Oceanus,"Ancient Greek god of the earth-encircling river, Oceanos",titan,['Oceanus'],male,['Okeanos'],Arcadia Regional Unit,https://www.theoi.com/Titan/TitanOkeanos.html,Mythological Greek Character,Greek deity,titan,,
Q426041,Ochimus,king in Greek mythology,Mythological Greek Character,[],male,[],,,Mythological Greek Character,,,,
Q1929263,Ocnus,"figure in Greek mythology, punished in the underworld for sloth or hesitation",Mythological Greek Character,[],male,['Bianor'],,,Mythological Greek Character,,,,
Q47231,Odysseus,legendary Greek king of Ithaca,Mythological Greek Character,[],male,['Ulysses'],,,Mythological Greek Character,,,,
Q1539620,Oeagrus,"mythical character, father of Orpheus",Mythological Greek Character,[],male,[],,,Mythological Greek Character,,,,
Q1162217,Oebalus,son of Cynortas in Greek mythology,Mythological Greek Character,[],male,[],,,Mythological Greek Character,,,,
Q1358973,Oecles,son of Antiphates in Greek mythology,Mythological Greek Character,[],male,['Oecleus'],,,Mythological Greek Character,,,,
Q130890,Oedipus,mythical Greek king of Thebes,Mythological Greek Character,[],male,[],,,Mythological Greek Character,,,,
Q749966,Oeneus,mythical king of Calydon,Mythological Greek Character,[],male,[],,,Mythological Greek Character,,,,
Q847890,Oenomaus,father of Hippodamia; son of Ares,Mythological Greek Character,[],male,[],,,Mythological Greek Character,,,,
Q858671,Oenone,"nymph of Greek mythology, wife of Paris",naiad,[],female,"['Oenonë', 'Oinone', 'Enone']",,https://www.theoi.com/Nymphe/NympheOinone.html,Mythological Greek Character,Greek deity,Greek nymph,naiad,
Q937216,Oenopion,"mythical character, son of Ariadne with Dionysus or Theseus",Mythological Greek Character,[],male,[],,,Mythological Greek Character,,,,
Q2715690,Oenotrus,son of Lycaon in Greek mythology,Mythological Greek Character,[],male,['Oinotros'],,,Mythological Greek Character,,,,
Q2641175,Oeonus,son of Licymnius in Greek mythology,Mythological Greek Character,[],male,[],,,Mythological Greek Character,,,,
Q1142802,Ogyges,mythical character,Mythological Greek Character,[],male,[],,,Mythological Greek Character,,,,
Q975447,Oileus,mythical father of Ajax the Lesser,Mythological Greek Character,[],male,[],,,Mythological Greek Character,,,,
Q1365927,Oizys,goddess of misery in Greek mythology,allegorical Greek deity,"['sorrow', 'suffering', 'mental depression', 'misery', 'anxiety', 'mourning']",female,['Oezys'],,https://www.theoi.com/Daimon/Oizys.html,Mythological Greek Character,Greek deity,allegorical Greek deity,,
Q2069546,Olynthus,son of Strymon in Greek mythology,Mythological Greek Character,[],male,[],,,Mythological Greek Character,,,,
Q486698,Omphale,"daughter of Iardanus, in Greek mythology",Mythological Greek Character,[],female,['Omphalë'],,,Mythological Greek Character,,,,
Q1419140,Opheltes,son of Lycurgus of Nemea in Greek mythology,Mythological Greek Character,[],male,['Archemorus'],,,Mythological Greek Character,,,,
Q1053307,Ophion,Primordial Greek creator deity,Mythological Greek Character,[],male,['Ophioneus'],,https://www.theoi.com/Titan/TitanOphion.html,Mythological Greek Character,,,,
Q3243942,Ophiotaurus,"legendary creature, part bull and part serpent, in Greek mythology",Mythological Greek Character,[],male,[],,https://www.theoi.com/Ther/TaurosOphis.html,Mythological Greek Character,,,,
Q192407,Orestes,son of Agamemnon in Greek mythology,Mythological Greek Character,[],male,['Agamemnonides'],,,Mythological Greek Character,,,,
Q201261,Orion,giant huntsman in Greek mythology,Greek deity,[],male,[],,https://www.theoi.com/Gigante/GiganteOrion.html,Mythological Greek Character,Greek deity,,,
Q1129489,Orithyia,legendary princess of Athens,Greek water deities,[],female,"['Oreithyia', 'Oreithya']",,https://www.theoi.com/Nymphe/NympheOreithyia1.html,Mythological Greek Character,Greek deity,Greek water deities,,
Q1985130,Orneus,"in Greek mythology, son of King Erechtheus and Praxithea",Mythological Greek Character,[],male,[],,,Mythological Greek Character,,,,
Q2031315,Ornytion,son of Sisyphus and king of Corinth in Greek mythology,Mythological Greek Character,[],male,"['Ornytus', 'Ornytos']",,,Mythological Greek Character,,,,
Q174353,Orpheus,"legendary musician, poet, and prophet in ancient Greek religion and myth",Mythological Greek Character,[],male,[],,,Mythological Greek Character,,,,
Q1538275,Orphne,Ancient Greek nymph,Greek nymph,[],female,['Gorgyra'],,https://www.theoi.com/Khthonios/Gorgyra.html,Mythological Greek Character,Greek deity,Greek nymph,,
Q979627,Orseis,water deity,naiad,[],female,[],,https://www.theoi.com/Nymphe/NympheOrseis.html,Mythological Greek Character,Greek deity,Greek nymph,naiad,
Q336230,Orthrus,mythical dog of Geryon,Mythological Greek Character,[],male organism,[],,https://www.theoi.com/Ther/KuonOrthros.html,Mythological Greek Character,,,,
Q1419104,Otrera,daughter of Euros in Greek mythology,Mythological Greek Character,[],female,['Hippo'],,https://www.theoi.com/Heroine/AmazonOtrera.html,Mythological Greek Character,,,,
Q1191947,Ourea,Greek mountain deities,Greek primordial deity,[],male,[],,https://www.theoi.com/Protogenos/Ourea.html,Mythological Greek Character,Greek deity,Greek primordial deity,,
Q575252,Oxylus,"son of Haemon, mythical king of Elis",Mythological Greek Character,[],male,['Oxylos'],,https://www.theoi.com/Georgikos/Oxylos.html,Mythological Greek Character,,,,
Q1144291,Oxyntes,"mythical Greek king, father of Apheidas and Thymoetes",Mythological Greek Character,[],male,[],,,Mythological Greek Character,,,,
Q1862189,Paean (god),"Greek deity, physician of Olympian gods",Greek deity,[],male,['Paian'],,,Mythological Greek Character,Greek deity,,,
Q252387,Palamedes,mythical son of Nauplius,Mythological Greek Character,[],male,[],,,Mythological Greek Character,,,,
Q457294,Pallas,Titan in Greek mythology,titan,[],male,[],,https://www.theoi.com/Titan/TitanPallas.html,Mythological Greek Character,Greek deity,titan,,
Q2446711,Pamphylus,son of Aegimius in Greek mythology,Mythological Greek Character,[],male,[],,,Mythological Greek Character,,,,
Q132582,Pan,"Greek god of the mountain wilds, shepherds, flocks, rustic music, fertility, spring, and theatrical criticism, with the hindquarters, legs, and horns of a goat",Greek deity,[],male,['Faunus'],,https://www.theoi.com/Georgikos/Pan.html,Mythological Greek Character,Greek deity,,,
Q850227,Panacea,Greek goddess of universal health,Greek deity,[],female,['Panakeia'],,https://www.theoi.com/Ouranios/AsklepiasPanakeia.html,Mythological Greek Character,Greek deity,,,
Q1428276,Pandareus,son of Merops in Greek mythology,Mythological Greek Character,[],male,[],,,Mythological Greek Character,,,,
Q1057384,Pandarus,"mythological Trojan, son of Lycaon",Mythological Greek Character,[],male,[],,,Mythological Greek Character,,,,
Q1073827,Pandia,"Greek goddess, daughter of Zeus and Selene",Greek deity,[],female,[],,https://www.theoi.com/Titan/Pandeia.html,Mythological Greek Character,Greek deity,,,
Q865111,Pandion I,legendary king of Athens,Mythological Greek Character,[],male,[],,,Mythological Greek Character,,,,
Q1076578,Pandion II,legendary king of Athens,Mythological Greek Character,[],male,[],,,Mythological Greek Character,,,,
Q131346,Pandora,mythological figure,Mythological Greek Character,[],female,['Anesidora'],,https://www.theoi.com/Heroine/Pandora.html,Mythological Greek Character,,,,
Q633120,Pandrosus,daughter of Cecrops I in Greek mythology,Mythological Greek Character,[],female,['Pandrosos'],,,Mythological Greek Character,,,,
Q1235584,Panopea,water deity,Mythological Greek Character,[],female,"['Panopae', 'Panope']",,,Mythological Greek Character,,,,
Q3893378,Panopeus,son of Phocus in Greek mythology,Mythological Greek Character,[],male,[],,,Mythological Greek Character,,,,
Q119919,Panthous,"priest of Apollo at Troy, son of Othrys",Mythological Greek Character,[],male,['Panthus'],,,Mythological Greek Character,,,,
Q1474700,Paphos,"mythical character, daughter of Pygmalion",Mythological Greek Character,[],female,[],,,Mythological Greek Character,,,,
Q167646,Paris,"mythological son of Priam, king of Troy",Mythological Greek Character,[],male,"['Alexandros', 'Alexander']",,,Mythological Greek Character,,,,
Q1128942,Parthenopeus,son of Melanion in Greek mythology,Mythological Greek Character,[],male,['Parthenopaeus'],,,Mythological Greek Character,,,,
Q203236,Pasiphaë,"daughter of Helios, the Sun in Greek mythology",Mythological Greek Character,[],female,[],,https://www.theoi.com/Titan/Pasiphae.html,Mythological Greek Character,,,,
Q1235379,Pasithea,one of the Charities in Greek mythology,Greek deity,[],female,[],,https://www.theoi.com/Ouranios/KharisPasithea.html,Mythological Greek Character,Greek deity,,,
Q186271,Patroclus,son of Menoetius in Greek mythology,Mythological Greek Character,[],male,[],,,Mythological Greek Character,,,,
Q1766777,Peisistratus,son of Nestor in Greek mythology,Mythological Greek Character,[],male,[],,,Mythological Greek Character,,,,
Q611171,Peitho,"Oceanid of Greek mythology, personification of Persuasion",Okeanid,['persuasion'],female,['Suadela'],,https://www.theoi.com/Daimon/Peitho.html,Mythological Greek Character,Greek deity,Greek water deities,Oceanids,Okeanid
Q1636827,Pelasgus,ancestor of the Arcadians in Greek mythology,autochthonos,[],male,[],,,Mythological Greek Character,autochthonos,,,
Q178641,Peleus,son of Aeacus in Greek mythology,Mythological Greek Character,[],male,[],,,Mythological Greek Character,,,,
Q182439,Pelias,"mythical king of Iolcus, and son of Poseidon",Mythological Greek Character,[],male,[],,,Mythological Greek Character,,,,
Q11940784,Pelopeia,daughter of Thyestes,Mythological Greek Character,[],female,"['Pelopia', 'Pelopea']",,,Mythological Greek Character,,,,
Q192485,Pelops,son of Tantalus in Greek mythology,Mythological Greek Character,[],male,[],,https://www.theoi.com/Heros/Pelops.html,Mythological Greek Character,,,,
Q254381,Peneleus,son of Hippalcimus in Greek mythology,Mythological Greek Character,[],male,['Peneleos'],,,Mythological Greek Character,,,,
Q165769,Penelope,wife of Odysseus in Greek mythology,Mythological Greek Character,[],female,[],,,Mythological Greek Character,,,,
Q1364612,Peneus,Thessalian river god,Potamoi,['Pineios'],male,[],,https://www.theoi.com/Potamos/PotamosPeneios.html,Mythological Greek Character,Greek deity,Greek water deities,Potamoi,
Q3899052,Penia,Greek goddess and personification of poverty,Greek deity,['poverty'],female,[],,https://www.theoi.com/Daimon/Penia.html,Mythological Greek Character,Greek deity,,,
Q379828,Penthesilea,Amazonian queen in Greek mythology,Mythological Greek Character,[],female,[],,https://www.theoi.com/Heroine/AmazonPenthesileia.html,Mythological Greek Character,,,,
Q391091,Pentheus,mythical king of Thebes,Mythological Greek Character,[],male,[],,,Mythological Greek Character,,,,
Q1336476,Penthilus,mythical son of Orestes,Mythological Greek Character,[],male,[],,,Mythological Greek Character,,,,
Q2097787,Pergamus,legendary son of Neoptolemus,Mythological Greek Character,[],male,['Pergamos'],,,Mythological Greek Character,,,,
Q3899862,Periclymenus,son of Neleus in Greek mythology,Mythological Greek Character,[],male,[],,https://www.theoi.com/Heros/Periklymenos.html,Mythological Greek Character,,,,
Q342343,Perieres,king of Messenia,Mythological Greek Character,[],male,['Perieres'],,,Mythological Greek Character,,,,
Q2022766,Perigune,daughter of Sinis in Greek mythology,Mythological Greek Character,[],female,[],,,Mythological Greek Character,,,,
Q16932564,Periphas,"legendary king of Attica, turned into an eagle by Zeus",Mythological Greek Character,[],male,[],,,Mythological Greek Character,,,,
Q28126889,Periphetes,mythical son of Hephaestus,Mythological Greek Character,[],male,[],,,Mythological Greek Character,,,,
Q281670,Pero,Greek mythical figure,Mythological Greek Character,[],female,[],,,Mythological Greek Character,,,,
Q1333108,Perse,"Oceanid (one of the three thousand daughters of the Titans Oceanus and Tethys), and the wife of the Sun god, Helios",Okeanid,[],female,"['Perseis', 'Persa']",,https://www.theoi.com/Nymphe/NymphePerseis.html,Mythological Greek Character,Greek deity,Greek water deities,Oceanids,Okeanid
Q45967,Persephone,Greek goddess of spring and the queen of the underworld,Greek deity,[],female,"['Kore', 'Libera']",Hades,https://www.theoi.com/Khthonios/Persephone.html,Mythological Greek Character,Greek deity,,,
Q660924,Perses,Ancient Greek mythological Titan,titan,[],male,"['Persaeus', 'Persaios', 'Perses']",,https://www.theoi.com/Titan/TitanPerses.html,Mythological Greek Character,Greek deity,titan,,
Q130832,Perseus,legendary Greek hero and founder of Mycenae,demigod of Greek mythology,[],male,[],,https://www.theoi.com/Heros/Perseus.html,Mythological Greek Character,Greek deity,demigod of Greek mythology,,
Q539123,Persian Sibyl,"priestess presiding over the Apollonian oracle, who allegedly foretold the exploits of Alexander of Macedon",sibyl,[],female,"['Sambathe', 'Babylonian Sibyl', 'Sabbe', 'Hebrew Sibyl', 'Egyptian Sibyl', 'Sabba', 'Sambethe']",,,Mythological Greek Character,sibyl,,,
Q2551733,Peteus,"son of Orneus, mythical figure",Mythological Greek Character,[],male,[],,,Mythological Greek Character,,,,
Q212818,Phaedra,wife of Theseus in Greek mythology,Mythological Greek Character,[],female,[],,,Mythological Greek Character,,,,
Q203480,Phaethon,son of Helios from Greek mythology,Mythological Greek Character,[],male,"['Phaeton', 'Phaëton']",,https://www.theoi.com/Titan/Phaethon.html,Mythological Greek Character,,,,
Q1119537,Phaethusa,"daughter of Helios and Neaera, in Greek mythology",Greek nymph,[],female,[],,,Mythological Greek Character,Greek deity,Greek nymph,,
Q1969790,Phalanthus of Tarentum,son of Aratos in Greek mythology,Mythological Greek Character,[],male,"[""Fàlant d'Esparta""]",,,Mythological Greek Character,,,,
Q1349003,Phanes,Ancient Greek deity of procreation,Mythological Greek Character,[],male,[],,https://www.theoi.com/Protogenos/Phanes.html,Mythological Greek Character,,,,
Q936486,Phantasos,deity,Greek deity,[],male,[],,,Mythological Greek Character,Greek deity,,,
Q2329005,Phegeus,mythical son of Alpheius,Mythological Greek Character,[],male,[],,,Mythological Greek Character,,,,
Q1340816,Pheidon,"king of Argos, son of Aristodamidas",Mythological Greek Character,[],male,[],,,Mythological Greek Character,,,,
Q1120723,Pheme,Greek goddess of fame or rumor,Greek deity,[],female,['Ossa'],,,Mythological Greek Character,Greek deity,,,
Q1235168,Phemius,mythical bard in Homer,Mythological Greek Character,[],male,[],,,Mythological Greek Character,,,,
Q2993240,Phemonoe,mythical prophet at Delphi,Mythological Greek Character,[],female,[],Delphi,,Mythological Greek Character,,,,
Q731181,Pheres,son of Cretheus in Greek mythology,Mythological Greek Character,[],male,[],,,Mythological Greek Character,,,,
Q53606,Philammon,musician son of Apollo in Greek mythology,Mythological Greek Character,[],male,[],,,Mythological Greek Character,,,,
Q212827,Philoctetes,mythological character,Mythological Greek Character,[],male,['Philocretes'],,,Mythological Greek Character,,,,
Q2277624,Philoeteus,Odysseus' cowherd in Greek mythology,Mythological Greek Character,[],male,[],,,Mythological Greek Character,,,,
Q115449,Philomela,legendary princess of Athens transformed into a nightingale,Mythological Greek Character,[],female,[],,,Mythological Greek Character,,,,
Q3321564,Philophrosyne,daimona in Greek mythology,Greek deity,[],female,[],,https://www.theoi.com/Daimon/Philophrosyne.html,Mythological Greek Character,Greek deity,,,
Q975581,Philotes,"Greek goddess of affection, friendship, and sex",allegorical Greek deity,[],female,['Friendship'],,https://www.theoi.com/Daimon/Philotes.html,Mythological Greek Character,Greek deity,allegorical Greek deity,,
Q398524,Philyra,Oceanid of Greek mythology,Okeanid,[],female,[],,https://www.theoi.com/Nymphe/NymphePhilyre.html,Mythological Greek Character,Greek deity,Greek water deities,Oceanids,Okeanid
Q641065,Phineus,son of Agenor in Greek mythology,Mythological Greek Character,[],male,"['Phineus', 'son of Agenor']",,,Mythological Greek Character,,,,
Q868738,Phlegethon,mythological river of Hades (Greece),Potamoi,[],,['Pyriphlegethon'],,https://www.theoi.com/Khthonios/PotamosPyriphlegethon.html,Mythological Greek Character,Greek deity,Greek water deities,Potamoi,
Q831583,Phlegyas,king of the Lapiths in Greek mythology,Mythological Greek Character,[],male,[],,,Mythological Greek Character,,,,
Q3624035,Phlias,"Greek mythical character, father of Dameon",Mythological Greek Character,[],male,"['Phliasus', 'Phlious', 'Phlius']",,,Mythological Greek Character,,,,
Q1133738,Phobetor,deity,Greek deity,[],male,[],,,Mythological Greek Character,Greek deity,,,
Q105019,Phobos,personification of fear in Greek mythology,Greek deity,['fear'],male,"['Timor', 'Pavor']",,,Mythological Greek Character,Greek deity,,,
Q836311,Phocus,"mythical character, son of Aeacus",Mythological Greek Character,[],male,['Phokos son of Aiakos'],,,Mythological Greek Character,,,,
Q183281,Phoebe,titan in Greek mythology,titan,[],female,"['Phoibe', 'Phœbe']",,https://www.theoi.com/Titan/TitanisPhoibe.html,Mythological Greek Character,Greek deity,titan,,
Q1145956,Phoenix,"Greek mythology character, son of Agenor and Telephassa, eponym of Phoenicia",Mythological Greek Character,[],male,['Phoinix'],,,Mythological Greek Character,,,,
Q1135152,Pholus,centaur in Greek mythology,centaur,[],male,[],,https://www.theoi.com/Georgikos/KentaurosPholos.html,Mythological Greek Character,centaur,,,
Q22965548,Phorbas,son of Lapithus,Mythological Greek Character,[],male,['Phorbas'],,https://www.theoi.com/Heros/PhorbasLapithios.html,Mythological Greek Character,,,,
Q200382,Phorcys,Greek sea god,chthonic deities,[],male,['Phorcus'],,https://www.theoi.com/Pontios/Phorkys.html,Mythological Greek Character,Greek deity,chthonic deities,,
Q649624,Phoroneus,son of Inachus in Greek mythology,Potamoi,[],male,[],,,Mythological Greek Character,Greek deity,Greek water deities,Potamoi,
Q1775444,Phosphorus,personification of the Morning Star in Greek and Roman mythology,Greek deity,[],male,"['Heosphoros', 'Eosphorus', 'Lucifer', 'Hesperus']",,https://www.theoi.com/Titan/AsterEosphoros.html,Mythological Greek Character,Greek deity,,,
Q743482,Phrixus,son of Athamas in Greek mythology,Mythological Greek Character,[],male,['Phryxus'],,,Mythological Greek Character,,,,
Q1862400,Phrontis,son of Phrixus in Greek mythology,Mythological Greek Character,[],male,[],,,Mythological Greek Character,,,,
Q1779164,Phyleus,Mythical son of Augeias,Mythological Greek Character,[],male,[],,,Mythological Greek Character,,,,
Q1334087,Phyllis,daughter of Sithon in Greek mythology,Mythological Greek Character,[],female,[],,,Mythological Greek Character,,,,
Q4843985,Pirene,nymph,naiad,[],female,['Peirene'],,https://www.theoi.com/Nymphe/NymphePeirene.html,Mythological Greek Character,Greek deity,Greek nymph,naiad,
Q502156,Pirithous,son of Ixion in Greek mythology,Mythological Greek Character,[],male,['Perithous'],,,Mythological Greek Character,,,,
Q750580,Pittheus,son of Pelops in Greek mythology,Mythological Greek Character,[],male,[],,,Mythological Greek Character,,,,
Q3493090,Pitys,in Greek mythology an Oread nymph who was pursued by Pan,Oread,[],female,[],,https://www.theoi.com/Nymphe/NymphePitys.html,Mythological Greek Character,Greek deity,Greek nymph,Oread,
Q463865,Pleione,Oceanid of Greek mythology,Okeanid,[],female,[],,https://www.theoi.com/Nymphe/NymphePleione.html,Mythological Greek Character,Greek deity,Greek water deities,Oceanids,Okeanid
Q1065234,Pleisthenes,"son of Pelops, and brother of Atreus and Thyestes",Mythological Greek Character,[],male,[],,,Mythological Greek Character,,,,
Q1411680,Pleuron,mythical son of Aetolus,Mythological Greek Character,[],male,[],,,Mythological Greek Character,,,,
Q205251,Plutus,Greek god of wealth,Greek deity,['wealth'],male,"['Ploûtos', 'Ploutos']",,https://www.theoi.com/Georgikos/Ploutos.html,Mythological Greek Character,Greek deity,,,
Q1071946,Podalirius,mythical son of Asclepius,Mythological Greek Character,[],male,[],,,Mythological Greek Character,,,,
Q1206572,Podarces,character of the Greek mythology,Mythological Greek Character,[],male,[],,,Mythological Greek Character,,,,
Q10350754,Poeas,Argonaut and friend of Heracles in Greek mythology,Mythological Greek Character,[],male,['Poias'],,,Mythological Greek Character,,,,
Q2992411,Poena,"Greek divinity of punishment, often plural",Greek deity,['punishment'],female,"['Poinai', 'Poina', 'Poenae', 'Poine', 'Poene', 'Poena']",,https://www.theoi.com/Daimon/Poine.html,Mythological Greek Character,Greek deity,,,
Q2713002,Polemos,"daemon in Greek mythology, a divine personification or embodiment of war",daemon,[],male,"['Polemos', 'Bellum']",,https://www.theoi.com/Daimon/Polemos.html,Mythological Greek Character,Greek deity,daemon,,
Q6081853,Polites,"mythological Greek character, Trojan prince, son of Priam",Mythological Greek Character,[],male,['Polites of Troy'],,,Mythological Greek Character,,,,
Q1233841,Polybotes,one of the Giants of Greek mythology,Giants,[],male,[],,https://www.theoi.com/Gigante/GigantePolybotes.html,Mythological Greek Character,Greek deity,Giants,,
Q31954,Polybus of Corinth,mythological king of Corinth,Mythological Greek Character,[],male,['Polybus'],,,Mythological Greek Character,,,,
Q2102913,Polycaon,son of Lelex,Mythological Greek Character,[],male,[],,https://www.theoi.com/Heros/Polykaon.html,Mythological Greek Character,,,,
Q1635138,Polycaste,daughter of Nestor in Greek mythology,Mythological Greek Character,[],female,[],,,Mythological Greek Character,,,,
Q1205276,Polydamas,"Trojan hero, son of Panthoos in the Iliad",Mythological Greek Character,[],male,"['Pulydamas', 'Polydamas', 'Poulydamas']",,,Mythological Greek Character,,,,
Q771241,Polydectes,mythological king on Seriphos,Mythological Greek Character,[],male,[],,,Mythological Greek Character,,,,
Q2628781,Polydectes of Sparta,early Eurypontid king of Sparta,Mythological Greek Character,[],male,[],,,Mythological Greek Character,,,,
Q346634,Polydorus,"mythological trojan prince, son of Priam",Mythological Greek Character,[],male,"['Polydorus of Troy', 'Polydorus']",,,Mythological Greek Character,,,,
Q2335996,Polyeidos,"mythical seer, who revived Glaucus son of Minos",Mythological Greek Character,[],male,['Polyidus'],,,Mythological Greek Character,,,,
Q104425,Polyhymnia,muse of rhetoric in Greek mythology,Mythological Greek Character,['hymn'],female,['Polymnia'],,https://www.theoi.com/Ouranios/MousaPolyhymnia.html,Mythological Greek Character,,,,
Q2288153,Polymestor,mythical king of the Bistonians in Thrace,Mythological Greek Character,[],male,['Polymnestor'],,,Mythological Greek Character,,,,
Q334817,Polynices,mythological prince of Thebes,Mythological Greek Character,[],male,"['Polyneices', 'Polyneikes']",,,Mythological Greek Character,,,,
Q193567,Polyphemus,giant son of Poseidon and Thoosa in Greek mythology,cyclops,[],male,[],,https://www.theoi.com/Gigante/GigantePolyphemos.html,Mythological Greek Character,cyclops,,,
Q750236,Polyxena,mythical daughter of Priam,Mythological Greek Character,[],female,[],,,Mythological Greek Character,,,,
Q174190,Ponos,personification of pain/toil in ancient Greece,allegorical Greek deity,[],male,[],,https://www.theoi.com/Daimon/Ponos.html,Mythological Greek Character,Greek deity,allegorical Greek deity,,
Q190563,Pontus,sea god of Greek mythology,Greek primordial deity,['Mediterranean Sea'],male,['Pontos'],,https://www.theoi.com/Protogenos/Pontos.html,Mythological Greek Character,Greek deity,Greek primordial deity,,
Q1421201,Porphyrion,giant in Greek mythology,Giants,[],male,[],,https://www.theoi.com/Gigante/GigantePorphyrion.html,Mythological Greek Character,Greek deity,Giants,,
Q1178970,Porthaon,son of Agenor in Greek mythology,Mythological Greek Character,[],male,[],,,Mythological Greek Character,,,,
Q966521,Porus,deity,daemon,[],male,[],,https://www.theoi.com/Daimon/Poros.html,Mythological Greek Character,Greek deity,daemon,,
Q41127,Poseidon,God of the seas in Greek mythology,Olympian god,"['earthquake', 'sea', 'horse breeding']",male,"['Posidon', 'Poseidon', 'Neptunus', 'Neptune']",,https://www.theoi.com/Olympios/Poseidon.html,Mythological Greek Character,Greek deity,Olympian god,,
Q1539632,Pothos,"Greek divinity, desire/yearning personified",Greek deity,['lust'],male,[],,https://www.theoi.com/Ouranios/ErosPothos.html,Mythological Greek Character,Greek deity,,,
Q715705,Potnia Theron,female divinitiy associated with animals,Mythological Greek Character,[],female,['Mistress of animals'],,,Mythological Greek Character,,,,
Q2108224,Praxithea,"daughter of Phrasimus or the river-god Cephissus, married to king Erechtheus of Athens",Mythological Greek Character,[],female,['Praxithea II'],,https://www.theoi.com/Nymphe/NymphePraxithea.html,Mythological Greek Character,,,,
Q170473,Priam,mythological king of Troy,Mythological Greek Character,[],male,[],,,Mythological Greek Character,,,,
Q206878,Priapus,ancient Greek deity,Mythological Greek Character,[],male,[],,https://www.theoi.com/Georgikos/Priapos.html,Mythological Greek Character,,,,
Q1164796,Procles,"Procles son of Aristodemus, Spartan king",Mythological Greek Character,[],male,[],,,Mythological Greek Character,,,,
Q1231743,Procne,"legendary princess of Athens, sister of Philomele",Mythological Greek Character,[],female,['Progne'],,,Mythological Greek Character,,,,
Q1139470,Procris,legendary princess of Athens,Mythological Greek Character,[],female,[],,,Mythological Greek Character,,,,
Q271949,Procrustes,son of Poseidon in Greek mythology,Mythological Greek Character,[],male,"['Polypemon', 'Damastes Procrustes']",,,Mythological Greek Character,,,,
Q644604,Proetus,mythical Greek king at Tiryns,Mythological Greek Character,[],male,['Proetus son of Abas'],,,Mythological Greek Character,,,,
Q83160,Prometheus,"Titan, culture hero, and trickster figure in Greek mythology",titan,[],male,[],,https://www.theoi.com/Titan/TitanPrometheus.html,Mythological Greek Character,Greek deity,titan,,
Q871361,Protesilaus,Ancient Greek hero,Mythological Greek Character,[],male,[],,,Mythological Greek Character,,,,
Q191481,Proteus,sea divinity in Greek mythology,Greek water deities,[],male,['Proteus of Egypt'],Karpathos,https://www.theoi.com/Pontios/Proteus.html,Mythological Greek Character,Greek deity,Greek water deities,,
Q2104755,Prothoenor,"Greek mythical character, Boeotian warrior killed by Polydamas at Troy",Mythological Greek Character,[],male,[],,,Mythological Greek Character,,,,
Q1572248,Protogeneia,mythical daughter of Deucalion,Mythological Greek Character,[],female,[],,,Mythological Greek Character,,,,
Q2537664,Prytanis,king of Sparta,Mythological Greek Character,[],male,[],,,Mythological Greek Character,,,,
Q5623747,Psamathe,Nereid of Greek mythology,Mythological Greek Character,[],female,['Ψάμαθη'],,https://www.theoi.com/Pontios/NereisPsamathe.html,Mythological Greek Character,,,,
Q843382,Psyche,mythical lover of Eros/Cupid,Greek deity,[],female,[],,https://www.theoi.com/Ouranios/Psykhe.html,Mythological Greek Character,Greek deity,,,
Q1424817,Pterelaus,Taphian king in Greek legend,Mythological Greek Character,[],male,['Ptereleus'],,,Mythological Greek Character,,,,
Q192343,Pygmalion,"legendary figure of Cyprus, sculptor",Mythological Greek Character,[],male,[],,https://www.theoi.com/Heros/Pygmalion.html,Mythological Greek Character,,,,
Q1879787,Pygmalion of Tyre,king of Tyre,Mythological Greek Character,[],male,[],,,Mythological Greek Character,,,,
Q494886,Pylades,mythical friend of Orestes,Mythological Greek Character,[],male,['Pylade'],,,Mythological Greek Character,,,,
Q1241841,Pylaemenes,"character in the Iliad, from Paphlagonia",Mythological Greek Character,[],male,[],,,Mythological Greek Character,,,,
Q1199200,Pyraechmes,mythical Paeonian leader,Mythological Greek Character,[],male,[],,,Mythological Greek Character,,,,
Q1509554,Pyrene,"mythical princess, daughter of Bebryx",Mythological Greek Character,[],female,[],,,Mythological Greek Character,,,,
Q622809,Pyrrha,daughter of Epimetheus and Pandora in Greek mythology,Mythological Greek Character,[],female,[],,,Mythological Greek Character,,,,
Q15721,Python,earth-dragon of Delphi,Mythological Greek Character,[],,[],,https://www.theoi.com/Ther/DrakainaPython.html,Mythological Greek Character,,,,
Q193609,Rhadamanthus,"Greek mythology character, son of Zeus and Europa",Mythological Greek Character,[],male,"['Rhadamanthys', 'Aleus']",,,Mythological Greek Character,,,,
Q108419,Rhea,"female Titan in Greek mythology, mother of Zeus and mother of Hera",titan,[],female,"['Rheia', 'Turrigera', 'Matar Kubileya', 'Kybebe', 'Kuvava', 'Cybebe', 'Cibeles', 'Kybele', 'Kibele', 'Cybele']",,https://www.theoi.com/Titan/TitanisRhea.html,Mythological Greek Character,Greek deity,titan,,
Q1061782,Rhesus of Thrace,mythical king and demigod,demigod of Greek mythology,[],male,['Rhesus'],,,Mythological Greek Character,Greek deity,demigod of Greek mythology,,
Q2391785,Rhodope,daughter of Hebrus in Greek mythology,Mythological Greek Character,[],female,[],,https://www.theoi.com/Nymphe/NympheRhodope.html,Mythological Greek Character,,,,
Q641286,Rhodos,Oceanid of Greek mythology,Okeanid,[],female,['Rhode'],,https://www.theoi.com/Nymphe/NympheRhode.html,Mythological Greek Character,Greek deity,Greek water deities,Oceanids,Okeanid
Q1782599,Rhoeo,mythical mother of Anius by Apollo,Mythological Greek Character,[],female,[],,,Mythological Greek Character,,,,
Q1361319,Sabazius,"Greek-Roman deity, earlier worshipped by Phrygians and Thracians",Greek deity,[],male,['Sabazios'],,,Mythological Greek Character,Greek deity,,,
Q2349443,Salamis,nymph in Greek mythology,Greek nymph,[],female,[],,https://www.theoi.com/Nymphe/NympheSalamis.html,Mythological Greek Character,Greek deity,Greek nymph,,
Q828579,Salmacis,nymph in Greek mythology,naiad,[],female,[],Caria,https://www.theoi.com/Nymphe/NympheSalmakis.html,Mythological Greek Character,Greek deity,Greek nymph,naiad,
Q1131643,Salmoneus,son of Aiolos in Greek mythology,Mythological Greek Character,[],male,[],,https://www.theoi.com/Heros/Salmoneus.html,Mythological Greek Character,,,,
Q762520,Sarpedon,"Greek mythology character, son of Laodamia",Mythological Greek Character,[],male,[],,,Mythological Greek Character,,,,
Q1134694,Scamander,water deity,Potamoi,['Scamander'],male,"['Skamandros', 'Scamandrus', 'Karamenderes', 'Xanthos', 'Xanthus']",,https://www.theoi.com/Potamos/PotamosSkamandros.html,Mythological Greek Character,Greek deity,Greek water deities,Potamoi,
Q1469237,Sciron,"mythical character, robber near Megara",Mythological Greek Character,[],male,[],,,Mythological Greek Character,,,,
Q193115,Scylla,nymph transformed into a sea monster by Circe in Greek mythology,Greek water deities,[],female organism,[],,https://www.theoi.com/Pontios/Skylla.html,Mythological Greek Character,Greek deity,Greek water deities,,
Q776139,Semele,mother of Dionysus in Greek mythology,Mythological Greek Character,[],female,['Stimula'],,https://www.theoi.com/Georgikos/Thyone.html,Mythological Greek Character,,,,
Q214554,Serapis,Graeco-Egyptian god,Greek deity,[],male,['Sarapis'],,,Mythological Greek Character,Greek deity,,,
Q16879570,Sesostris,"king of ancient Egypt, per Herodotus",Mythological Greek Character,[],male,['Sesoösis'],,,Mythological Greek Character,,,,
Q472774,Sicyon,son of Marathon in Greek mythology,eponymous hero,[],male,[],,,Mythological Greek Character,eponymous hero,,,
Q1292797,Sidero,character of Greek mythology,Mythological Greek Character,[],female,[],,,Mythological Greek Character,,,,
Q464091,Silenus,figure in Greek mythology; tutor to Dionysus,satyr,[],male,['Papposilenus'],,https://www.theoi.com/Georgikos/Seilenos.html,Mythological Greek Character,satyr,,,
Q2479077,Simoeis,"god of the Simoeis river, Troad",Potamoi,['Simois'],male,['Simois'],,https://www.theoi.com/Potamos/PotamosSimoeis.html,Mythological Greek Character,Greek deity,Greek water deities,Potamoi,
Q843335,Sinis,Greek mythological figure,Mythological Greek Character,[],male,[],,,Mythological Greek Character,,,,
Q663792,Sinon,son of Aesimus in Greek mythology,Mythological Greek Character,[],male,[],,,Mythological Greek Character,,,,
Q1539539,Sinope,nymph,naiad,[],female,[],,https://www.theoi.com/Nymphe/NympheSinope.html,Mythological Greek Character,Greek deity,Greek nymph,naiad,
Q102561,Sisyphus,king of Ephyra in Greek mythology,Mythological Greek Character,[],male,"['Sisyphos', 'Wu Gang']",,,Mythological Greek Character,,,,
Q1125985,Snake Goddess,Minoan goddess figurine,Mythological Greek Character,[],female,['Minoan snake goddess'],,,Mythological Greek Character,,,,
Q2417746,Soos,king of Sparta,Mythological Greek Character,[],male,[],,,Mythological Greek Character,,,,
Q2296243,Sparta,"daughter of Eurotas, in Greek mythology",Greek nymph,[],female,['Sparte'],,https://www.theoi.com/Nymphe/NympheSparta.html,Mythological Greek Character,Greek deity,Greek nymph,,
Q2890661,Spercheus,river deity,Potamoi,['Spercheios'],male,[],,https://www.theoi.com/Potamos/PotamosSperkheios.html,Mythological Greek Character,Greek deity,Greek water deities,Potamoi,
Q2332185,Staphylus,son of Dionysus in Greek mythology,Mythological Greek Character,[],male,[],,,Mythological Greek Character,,,,
Q748100,Stentor,mythical character,Mythological Greek Character,[],male,[],,,Mythological Greek Character,,,,
Q748963,Sterope,one of the Pleiades in Greek mythology,Pleiades,[],female,[],,https://www.theoi.com/Nymphe/NympheSterope.html,Mythological Greek Character,Greek deity,Greek nymph,Pleiades,
Q3553687,Steropes,"cyclops in Greek mythology (""lightning"")",cyclops,[],male,[],,,Mythological Greek Character,cyclops,,,
Q368423,Stheneboea,queen in Greek mythology,Mythological Greek Character,[],female,"['Anteia', 'Ausia']",,,Mythological Greek Character,,,,
Q1062299,Sthenelus,son of Perseus,Mythological Greek Character,[],male,[],,,Mythological Greek Character,,,,
Q1060267,Sthenelus son of Capaneus,king of Argos in Greek mythology,Mythological Greek Character,[],male,['Sthenelos'],,,Mythological Greek Character,,,,
Q1052877,Stheno,"monster from Greek mythology, eldest of the Gorgons",Mythological Greek Character,[],female,[],,,Mythological Greek Character,,,,
Q1576404,Stilbe,mythical character,naiad,[],female organism,[],,https://www.theoi.com/Nymphe/NympheStilbe.html,Mythological Greek Character,Greek deity,Greek nymph,naiad,
Q1421896,Strophius,mythical son of Crisus,Mythological Greek Character,[],male,[],,,Mythological Greek Character,,,,
Q3625559,Strymon,river god of Greek antiquity,Potamoi,['Struma'],male,['Eioneus'],,https://www.theoi.com/Potamos/PotamosStrymon.html,Mythological Greek Character,Greek deity,Greek water deities,Potamoi,
Q775176,Stymphalus,mythological king of Arcadia,Mythological Greek Character,[],male,[],,,Mythological Greek Character,,,,
Q542758,Styx,Greek divinity of the river Styx,Okeanid,['Styx'],female,[],,https://www.theoi.com/Khthonios/PotamosStyx.html,Mythological Greek Character,Greek deity,Greek water deities,Oceanids,Okeanid
Q6850942,Sufax,Berber and Greek mythological figure,Mythological Greek Character,[],male,['Syphax'],,,Mythological Greek Character,,,,
Q532251,Syleus,son of Poseidon in Greek mythology,Mythological Greek Character,[],male,[],,,Mythological Greek Character,,,,
Q846129,Syrinx,nymph transformed into hollow water reeds in Greek mythology,Hamadryad,[],female,[],,https://www.theoi.com/Nymphe/NympheSyrinx.html,Mythological Greek Character,Greek deity,Greek nymph,dryad,Hamadryad
Q668054,Talaus,son of Bias in Greek mythology,Mythological Greek Character,[],male,[],,,Mythological Greek Character,,,,
Q657174,Talos,mythological bronze automaton guarding Crete,Mythological Greek Character,[],male,['Talus'],,https://www.theoi.com/Gigante/GiganteTalos.html,Mythological Greek Character,,,,
Q1367860,Talthybius,herald of Agamemnon,Mythological Greek Character,[],male,[],,,Mythological Greek Character,,,,
Q182101,Tantalus,son of Zeus in Greek mythology,Mythological Greek Character,[],male,[],,,Mythological Greek Character,,,,
Q362738,Taphius,son of Poseidon in Greek mythology,Mythological Greek Character,[],male,[],,,Mythological Greek Character,,,,
Q2167123,Taras,son of Poseidon in Greek mythology,Mythological Greek Character,[],male,[],,,Mythological Greek Character,,,,
Q770627,Taraxippus,Greek mythological figure,Mythological Greek Character,[],male,[],,,Mythological Greek Character,,,,
Q2361827,Targitaus,mythic founder-king and ancestor of the Scythians,Mythological Greek Character,[],male,['Togarmah'],,,Mythological Greek Character,,,,
Q101322,Tartarus,"deep abyss, place of punishment, in ancient Greek mythology",Greek primordial deity,[],male,"['Tartaros', 'Tartarus']",,https://www.theoi.com/Protogenos/Tartaros.html,Mythological Greek Character,Greek deity,Greek primordial deity,,
Q112001,Taygete,one of the Pleiades in Greek mythology,Pleiades,[],female,[],,https://www.theoi.com/Nymphe/NympheTaygete.html,Mythological Greek Character,Greek deity,Greek nymph,Pleiades,
Q10796858,Tecmessa,daughter of Teuthras in Greek mythology,Mythological Greek Character,[],female,[],,,Mythological Greek Character,,,,
Q3850519,Tectamus,hero of ancient Greek mythology,Mythological Greek Character,[],male,['Tektaos'],,,Mythological Greek Character,,,,
Q1933978,Tegyrios,mythological Greek king,Mythological Greek Character,[],male,[],,,Mythological Greek Character,,,,
Q331327,Telamon,"one of the Argonauts of Jason, in Greek mythology",Mythological Greek Character,[],male,[],,,Mythological Greek Character,,,,
Q1601964,Telchis,son of Europs in Greek mythology,Mythological Greek Character,[],male,[],,https://www.theoi.com/Nymphe/NympheTeledike.html,Mythological Greek Character,,,,
Q1258032,Teleclus,King of Sparta,Mythological Greek Character,[],male,[],,,Mythological Greek Character,,,,
Q1333887,Telegonus,mythical son of Circe and Odysseus,Mythological Greek Character,[],male,[],,,Mythological Greek Character,,,,
Q192482,Telemachus,mythological son of Odysseus,Mythological Greek Character,[],male,[],,,Mythological Greek Character,,,,
Q2297463,Telemus,son of Eurymus in Greek mythology,Mythological Greek Character,[],male,[],,,Mythological Greek Character,,,,
Q853437,Telephassa,figure from Greek mythology,Mythological Greek Character,[],female,[],,,Mythological Greek Character,,,,
Q916442,Telephus,mythical character,Mythological Greek Character,[],male,['Telephos'],,,Mythological Greek Character,,,,
Q1294659,Telesphorus,Greek and Celtic deity,Greek deity,[],male,[],,https://www.theoi.com/Ouranios/AsklepiadesTelesphoros.html,Mythological Greek Character,Greek deity,,,
Q1267349,Telesto,Oceanid of Greek mythology,Okeanid,[],female,[],,,Mythological Greek Character,Greek deity,Greek water deities,Oceanids,Okeanid
Q3565120,Telete,ancient Greek divinity,Mythological Greek Character,[],female,[],,https://www.theoi.com/Georgikos/Telete.html,Mythological Greek Character,,,,
Q636796,Temenus,"son of Aristomachus, in Greek mythology",Mythological Greek Character,[],male,[],,,Mythological Greek Character,,,,
Q2986809,Tenages,son of Helios in Greek mythology,Mythological Greek Character,[],male,[],,,Mythological Greek Character,,,,
Q426788,Tenes,Greek mythological hero,Mythological Greek Character,[],male,['Tennes'],,,Mythological Greek Character,,,,
Q1138506,Tereus,Thracian king in Greek mythology,Mythological Greek Character,[],male,[],,,Mythological Greek Character,,,,
Q104042,Terpsichore,muse of dance in Greek mythology,Mythological Greek Character,[],female,['Terpsichorë'],,https://www.theoi.com/Ouranios/MousaTerpsikhore.html,Mythological Greek Character,,,,
Q184216,Tethys,ancient Greek mythological figure,titan,[],female,['Parthenope'],,https://www.theoi.com/Titan/TitanisTethys.html,Mythological Greek Character,Greek deity,titan,,
Q878184,Teucer,character in the Iliad,Mythological Greek Character,[],male,[],,,Mythological Greek Character,,,,
Q1513788,"Teucer, king of Troy",son of the river Scamander and of the nymph Idaea,Mythological Greek Character,[],male,['Teucrus'],,,Mythological Greek Character,,,,
Q1395752,Teuthras,mythical king of Mysia,Mythological Greek Character,[],male,[],,,Mythological Greek Character,,,,
Q659437,Thalassa,"primordial sea goddess in Greek mythology, daughter of Aether and Hemera",Greek primordial deity,[],female,[],,https://www.theoi.com/Protogenos/Thalassa.html,Mythological Greek Character,Greek deity,Greek primordial deity,,
Q1246563,Thalestris,mythical character,Mythological Greek Character,[],female,[],,,Mythological Greek Character,,,,
Q108019,Thalia,Muse of comedy in Greek mythology,Mythological Greek Character,[],female,['Thaleia'],,https://www.theoi.com/Ouranios/MousaThaleia.html,Mythological Greek Character,,,,
Q1245211,Thallo,mythical character,Greek deity,['season'],female,[],,https://www.theoi.com/Ouranios/HoraThallo.html,Mythological Greek Character,Greek deity,,,
Q1995961,Thalpius,king of Elis in Greek mythology,Mythological Greek Character,[],male,[],,,Mythological Greek Character,,,,
Q853014,Thamyris,mythical poet/musician,Mythological Greek Character,[],male,[],,,Mythological Greek Character,,,,
Q199647,Thanatos,personification of Death in Greek mythology,Greek deity,['death'],male,"['Grim Reaper', 'Reaper', 'the Grim Reaper', 'Death']",,https://www.theoi.com/Daimon/Thanatos.html,Mythological Greek Character,Greek deity,,,
Q2608087,Thasus,Phoenician character from Greek mythology,Mythological Greek Character,[],male,[],,,Mythological Greek Character,,,,
Q326767,Thaumas,sea god of Greek mythology,Greek water deities,[],male,[],,https://www.theoi.com/Pontios/Thaumas.html,Mythological Greek Character,Greek deity,Greek water deities,,
Q1154473,Theano,priestess of Athena in Troy in Greek mythology,Mythological Greek Character,[],female,['Theano of Troy'],,,Mythological Greek Character,,,,
Q184232,Theia,female Titan in Greek mythology,titan,[],female,['Basileia'],,https://www.theoi.com/Titan/TitanisTheia.html,Mythological Greek Character,Greek deity,titan,,
Q12760056,Theiodamas,mythical king of the Dryopes,Mythological Greek Character,[],male,[],,,Mythological Greek Character,,,,
Q159168,Themis,"in ancient Greek mythology, a titaness, the personification of divine order, fairness, law, natural law, and custom, whose symbols are the scales of justice",titan,['justice'],female,"['Justitia', 'Lady Justice']",,https://www.theoi.com/Titan/TitanisThemis.html,Mythological Greek Character,Greek deity,titan,,
Q2262531,Themiste,daughter of Ilus in Greek mythology,Mythological Greek Character,[],female,[],,,Mythological Greek Character,,,,
Q1458587,Themisto,mythical daughter of Hypseus,Mythological Greek Character,[],female,[],,,Mythological Greek Character,,,,
Q4482867,Theophane,daughter of Bisaltes in Greek mythology,Mythological Greek Character,[],female,[],,,Mythological Greek Character,,,,
Q1289213,Thersander,mythological king of Thebes,Mythological Greek Character,[],male,[],,,Mythological Greek Character,,,,
Q1045730,Thersites,"son of Agrius, Achean warrior in the Trojan War",Mythological Greek Character,[],male,[],,,Mythological Greek Character,,,,
Q1320718,Theseus,legendary king of Athens,Mythological Greek Character,[],male,[],,,Mythological Greek Character,,,,
Q952188,Thespius,"legendary founder and king of Thespiae, Boeotia",Mythological Greek Character,[],male,[],,,Mythological Greek Character,,,,
Q768822,Thestius,son of Agenor in Greek mythology,Mythological Greek Character,[],male,[],,,Mythological Greek Character,,,,
Q2420316,Thestor,Argonaut,Mythological Greek Character,[],male,[],,,Mythological Greek Character,,,,
Q184437,Thetis,Nereid of Greek mythology,Mythological Greek Character,[],female,[],,https://www.theoi.com/Pontios/NereisThetis.html,Mythological Greek Character,,,,
Q1230535,Thoas,"a character in ancient Greek mythology, son of Dionysus",Mythological Greek Character,[],male,[],,,Mythological Greek Character,,,,
Q843514,Thoosa,water deity,Greek nymph,[],female,[],,https://www.theoi.com/Nymphe/NympheThoosa.html,Mythological Greek Character,Greek deity,Greek nymph,,
Q956906,Thrasymedes,mythical son of Nestor,Mythological Greek Character,[],male,[],,,Mythological Greek Character,,,,
Q622504,Thyestes,King of Mycenae and brother of Atreus in Greek mythologie,Mythological Greek Character,[],male,[],,,Mythological Greek Character,,,,
Q949266,Thyia,water deity,naiad,[],female,[],,https://www.theoi.com/Nymphe/NympheThyia.html,Mythological Greek Character,Greek deity,Greek nymph,naiad,
Q938228,Thymoetes,"son of Oxyntes, king of Attica",Mythological Greek Character,[],male,[],,,Mythological Greek Character,,,,
Q2062262,Tiburtine Sibyl,Roman Sibyl,sibyl,[],female,['Albvnea'],,,Mythological Greek Character,sibyl,,,
Q3291388,Timandra,"Greek mythological character, daughter of Leda and Tyndareus",Mythological Greek Character,[],female,[],,,Mythological Greek Character,,,,
Q2525222,Tinjis,Berber god,Mythological Greek Character,[],female,"['Tingis', 'Tinga']",,,Mythological Greek Character,,,,
Q654257,Tiphys,mythical steersman of the Argo,Mythological Greek Character,[],male,[],,,Mythological Greek Character,,,,
Q656881,Tiresias,blind prophet of Apollo,Mythological Greek Character,[],male,['Teiresias'],,,Mythological Greek Character,,,,
Q2803572,Tisamenus,mythical son of Orestes,Mythological Greek Character,[],male,[],,,Mythological Greek Character,,,,
Q3991817,Tisiphone,ancient Greek mythological punisher of murder,Mythological Greek Character,[],female,[],,https://www.theoi.com/Khthonios/Erinyes.html,Mythological Greek Character,,,,
Q737306,Tithonus,prince of Troy loved by Eos in Greek mythology,Mythological Greek Character,[],male,['Tithonos'],,,Mythological Greek Character,,,,
Q656887,Tityos,Greek mythological giant,Mythological Greek Character,[],male,['Tityus'],,https://www.theoi.com/Gigante/GiganteTityos.html,Mythological Greek Character,,,,
Q690613,Tlepolemus,mythical son of Heracles,Mythological Greek Character,[],male,[],,,Mythological Greek Character,,,,
Q17996944,Tmolus,King of Lydia and husband to Omphale in Greek mythology,Mythological Greek Character,['Tmolus'],male,['Timolus'],,,Mythological Greek Character,,,,
Q11704754,Triopas,"Greek mythological character, king of Argos",Mythological Greek Character,[],male,[],,,Mythological Greek Character,,,,
Q269243,Triptolemus,mythical promulgator of agriculture at Eleusis,Mythological Greek Character,[],male,['Triptolemos'],,https://www.theoi.com/Georgikos/EleusiniosTriptolemos.html,Mythological Greek Character,,,,
Q148030,Triton,"Greek god, messenger of the sea",Greek water deities,[],male,[],,https://www.theoi.com/Pontios/Triton.html,Mythological Greek Character,Greek deity,Greek water deities,,
Q867342,Troilus,mythical prince of Troy in Greek mythology,Mythological Greek Character,[],male,[],,,Mythological Greek Character,,,,
Q1166183,Trophonius,Greek mythological figure with an oracular cult at Lebadaea,Mythological Greek Character,[],male,[],,https://www.theoi.com/Khthonios/Trophonios.html,Mythological Greek Character,,,,
Q599482,Tros,ruler of Troy in Greek mythology,Mythological Greek Character,[],male,[],,,Mythological Greek Character,,,,
Q213440,Tyche,Greek goddess of fortune,Okeanid,[],female,"['Vortumna', 'Respiciens', 'Primigenia', 'Muliebris', 'Fors Fortuna', 'Annonaria', 'Annnonaria', 'Virilis', 'Lady Fortune', 'Lady Luck', 'Fortuna']",Olympus,https://www.theoi.com/Daimon/Tykhe.html,Mythological Greek Character,Greek deity,Greek water deities,Oceanids,Okeanid
Q250506,Tydeus,son of Oeneus in Greek mythology,Mythological Greek Character,[],male,['Oenides'],,,Mythological Greek Character,,,,
Q192946,Tyndareus,King of Sparta,Mythological Greek Character,[],male,[],,,Mythological Greek Character,,,,
Q180237,Typhon,deadly monster of Greek mythology,Giants,[],male,"['Typhoeus', 'Sutekh', 'Suty', 'Set', 'Typhon', 'Setesh', 'Setekh', 'Seth']",,https://www.theoi.com/Gigante/Typhoeus.html,Mythological Greek Character,Greek deity,Giants,,
Q1126715,Tyro,daughter of Salmoneus in Greek mythology,Mythological Greek Character,[],female,[],,https://www.theoi.com/Heroine/Tyro.html,Mythological Greek Character,,,,
Q1400413,Tyrrhenus,son of Atys in Greek mythology,Mythological Greek Character,[],male,"['Tyrsenos', 'Tyrsenus']",,,Mythological Greek Character,,,,
Q104002,Urania,Muse of astronomy and astrology in Greek mythology,Mythological Greek Character,[],female,[],,https://www.theoi.com/Ouranios/MousaOurania.html,Mythological Greek Character,,,,
Q79999,Uranus,"primordial Greek deity, god of the Sky",Greek primordial deity,['sky'],male,"['Uranos', 'Ouranos', 'Coelus', 'Caelum', 'Caelus']",,https://www.theoi.com/Protogenos/Ouranos.html,Mythological Greek Character,Greek deity,Greek primordial deity,,
Q483760,Venus Anadyomene,one of the iconic representations of Aphrodite,Greek deity,[],,"['The Burlesque of Venus', 'Anadyomene', 'birth of Venus', 'birth of Aphrodite']",,,Mythological Greek Character,Greek deity,,,
Q514746,Xuthus,king in Greek mythology,Mythological Greek Character,[],male,[],,,Mythological Greek Character,,,,
Q140406,Zagreus,figure in Greek mythology,Greek deity,[],male,[],,https://www.theoi.com/Georgikos/Zagreus.html,Mythological Greek Character,Greek deity,,,
Q189208,Zelus,ancient Greek personification of emulation/envy,Greek deity,[],male,[],,https://www.theoi.com/Daimon/Zelos.html,Mythological Greek Character,Greek deity,,,
Q467515,Zephyrus,"Greek god of the wind from the west, spring, fertility, procreation, luck, rebirth, vegetation, flowers, bees and honey",Anemoi,[],male,['Zephyr'],,https://www.theoi.com/Titan/AnemosZephyros.html,Mythological Greek Character,Greek deity,Anemoi,,
Q196865,Zethos,king in Greek mythology,Mythological Greek Character,[],male,['Zethus'],,,Mythological Greek Character,,,,
Q34201,Zeus,Greek god of the sky and king of the gods,Olympian god,"['lightning', 'thunder']",male,"['Dias', 'Jupiter', 'Dju Pater', 'Juppiter', 'Jupiter (mythology)', 'Ioue', 'Diespiter', 'Jove']",Olympus,https://www.theoi.com/Olympios/Zeus.html,Mythological Greek Character,Greek deity,Olympian god,,
Q197039,Zeuxo,Oceanid of Greek mythology,Okeanid,[],female,[],,,Mythological Greek Character,Greek deity,Greek water deities,Oceanids,Okeanid
Q425430,Ḫepat,mother goddess of the Hurrians,Greek deity,[],female,"['Khepat', 'Ἵπτα', 'Mother Hipta', 'Hipta']",,,Mythological Greek Character,Greek deity,,,
